subid,counter,trialtype,percentage,sizeasked,searchtype,targetshape,targetcolor,targetsize,targetword,distractorshape1,distractorshape2,distractorsize,date,timestamp,rtsearch,rttest,targetpos,foilpos,attncheckscore
5,1,1,25,false,contrast,23,red,big,wug,21,17,small,6/16/2019,16:18,12707,16771,3,4,"0
"
5,2,4,50,true,differentsizes,5,purple,big,sprock,11,1,small,6/16/2019,16:18,11185,6193,3,1,"0
"
5,3,3,50,false,differentsizes,10,blue,big,dax,3,6,small,6/16/2019,16:18,13123,2731,3,2,"0
"
5,4,2,50,true,contrast,22,blue,small,toma,12,20,big,6/16/2019,16:19,8728,4706,4,3,"0
"
5,5,6,25,true,samesize,2,red,big,blicket,16,15,small,6/16/2019,16:19,12474,6260,4,1,"0
"
5,6,5,25,false,samesize,4,green,small,gade,9,8,big,6/16/2019,16:19,7512,4079,3,1,"0
"
5,7,0,25,false,attncheck,4,green,small,gade,9,8,big,6/16/2019,16:19,7512,4079,3,1,"8
"
101,1,3,25,false,differentsizes,1,red,small,dax,18,3,big,6/16/2019,16:23,20966,16963,4,1,"0
"
101,2,1,50,false,contrast,10,purple,small,blicket,7,21,big,6/16/2019,16:24,16360,16044,3,4,"0
"
101,3,2,50,true,contrast,4,purple,small,sprock,22,23,big,6/16/2019,16:24,13636,12257,4,3,"0
"
101,4,6,50,true,samesize,9,purple,small,wug,12,17,big,6/16/2019,16:24,11122,6300,3,2,"0
"
101,5,4,50,true,differentsizes,24,purple,big,toma,2,14,small,6/16/2019,16:25,9099,7264,4,1,"0
"
101,6,5,50,false,samesize,8,blue,big,gade,11,20,small,6/16/2019,16:25,8703,7812,3,2,"0
"
101,7,0,50,false,attncheck,8,blue,big,gade,11,20,small,6/16/2019,16:25,8703,7812,3,2,"7
"
38,1,4,67,true,differentsizes,17,blue,big,toma,10,15,small,6/16/2019,15:23,21545,15124,4,2,"0
"
38,2,3,81,false,differentsizes,6,purple,big,gade,14,2,small,6/16/2019,15:23,10835,6707,4,1,"0
"
38,3,6,66,true,samesize,20,green,big,sprock,22,5,small,6/16/2019,15:23,9574,4293,4,1,"0
"
38,4,5,57,false,samesize,4,purple,big,wug,13,7,small,6/16/2019,15:24,10000,5357,3,1,"0
"
38,5,1,50,false,contrast,8,green,small,blicket,11,19,big,6/16/2019,15:24,9327,4561,3,4,"0
"
38,6,2,25,true,contrast,23,green,small,dax,24,3,big,6/16/2019,15:24,10435,7176,3,4,"0
"
38,7,0,25,true,attncheck,23,green,small,dax,24,3,big,6/16/2019,15:24,10435,7176,3,4,"6
"
102,1,4,14,true,differentsizes,4,red,big,blicket,1,11,small,6/16/2019,16:24,15467,9248,4,2,"0
"
102,2,6,22,true,samesize,3,red,big,toma,12,18,small,6/16/2019,16:24,12404,4357,3,2,"0
"
102,3,5,71,false,samesize,9,purple,big,dax,17,7,small,6/16/2019,16:24,9090,6181,3,1,"0
"
102,4,2,22,true,contrast,22,blue,small,gade,14,8,big,6/16/2019,16:24,8042,4159,4,3,"0
"
102,5,1,76,false,contrast,5,purple,small,wug,23,13,big,6/16/2019,16:25,10185,3882,4,3,"0
"
102,6,3,75,false,differentsizes,24,blue,big,sprock,16,2,small,6/16/2019,16:25,9009,3090,3,2,"0
"
102,7,0,75,false,attncheck,24,blue,big,sprock,16,2,small,6/16/2019,16:25,9009,3090,3,2,"8
"
49,1,3,50,false,differentsizes,1,purple,big,dax,17,3,small,6/16/2019,16:21,18457,40586,3,2,"0
"
49,2,4,80,true,differentsizes,12,red,small,toma,7,6,big,6/16/2019,16:22,11443,9608,4,2,"0
"
49,3,5,90,false,samesize,2,purple,small,wug,8,10,big,6/16/2019,16:22,14889,13552,3,2,"0
"
49,4,1,50,false,contrast,5,purple,big,blicket,23,16,small,6/16/2019,16:22,10560,10188,3,4,"0
"
49,5,6,90,true,samesize,9,blue,small,gade,20,14,big,6/16/2019,16:23,9803,4901,4,2,"0
"
49,6,2,90,true,contrast,11,blue,small,sprock,21,19,big,6/16/2019,16:23,7586,3639,4,3,"0
"
49,7,0,90,true,attncheck,11,blue,small,sprock,21,19,big,6/16/2019,16:23,7586,3639,4,3,"7
"
89,1,1,42,false,contrast,19,green,small,wug,18,12,big,6/16/2019,15:28,22830,5274,4,3,"0
"
89,2,2,67,true,contrast,21,red,small,blicket,22,2,big,6/16/2019,15:28,9090,4414,3,4,"0
"
89,3,6,51,true,samesize,13,red,small,toma,15,23,big,6/16/2019,15:29,7332,3793,3,2,"0
"
89,4,5,62,false,samesize,17,purple,big,sprock,7,5,small,6/16/2019,15:29,6514,3222,3,2,"0
"
89,5,3,64,false,differentsizes,16,blue,big,gade,10,6,small,6/16/2019,15:29,6862,2171,4,2,"0
"
89,6,4,58,true,differentsizes,14,purple,big,dax,9,4,small,6/16/2019,15:29,7806,4403,4,1,"0
"
89,7,0,58,true,attncheck,14,purple,big,dax,9,4,small,6/16/2019,15:29,7806,4403,4,1,"6
"
81,1,4,16,true,differentsizes,9,purple,big,dax,21,2,small,6/16/2019,15:27,12046,16364,3,1,"0
"
81,2,1,82,false,contrast,19,purple,big,sprock,24,14,small,6/16/2019,15:28,7931,7099,4,3,"0
"
81,3,3,83,false,differentsizes,15,blue,big,toma,7,4,small,6/16/2019,15:28,8744,4791,3,1,"0
"
81,4,5,91,false,samesize,17,red,small,blicket,13,6,big,6/16/2019,15:28,10044,7603,4,2,"0
"
81,5,2,11,true,contrast,18,red,big,wug,11,10,small,6/16/2019,15:28,7824,3258,4,3,"0
"
81,6,6,45,true,samesize,20,red,small,gade,23,1,big,6/16/2019,15:29,7411,4175,4,1,"0
"
81,7,0,45,true,attncheck,20,red,small,gade,23,1,big,6/16/2019,15:29,7411,4175,4,1,"6
"
71,1,5,93,false,samesize,11,green,big,sprock,9,13,small,6/16/2019,15:18,13995,10496,3,2,"0
"
71,2,2,23,true,contrast,7,green,small,dax,8,3,big,6/16/2019,15:19,15342,6556,3,4,"0
"
71,3,4,21,true,differentsizes,10,purple,small,blicket,12,14,big,6/16/2019,15:19,9683,5324,3,2,"0
"
71,4,6,23,true,samesize,1,red,small,toma,4,17,big,6/16/2019,15:19,11331,3943,3,1,"0
"
71,5,1,100,false,contrast,18,red,big,wug,5,23,small,6/16/2019,15:19,9424,4482,3,4,"0
"
71,6,3,51,false,differentsizes,2,blue,small,gade,16,15,big,6/16/2019,15:20,9565,2615,3,2,"0
"
71,7,0,51,false,attncheck,2,blue,small,gade,16,15,big,6/16/2019,15:20,9565,2615,3,2,"7
"
107,1,1,68,false,contrast,23,green,big,sprock,16,17,small,6/16/2019,13:42,10029,12439,3,4,"0
"
107,2,2,48,true,contrast,7,green,small,wug,2,18,big,6/16/2019,13:43,10377,8437,3,4,"0
"
107,3,4,40,true,differentsizes,13,purple,small,gade,21,4,big,6/16/2019,13:43,9587,4878,4,1,"0
"
107,4,6,47,true,samesize,19,blue,small,dax,6,8,big,6/16/2019,13:43,6963,4070,4,1,"0
"
107,5,3,56,false,differentsizes,22,blue,big,blicket,10,1,small,6/16/2019,13:43,7332,2811,4,1,"0
"
107,6,5,56,false,samesize,9,red,big,toma,14,5,small,6/16/2019,13:44,8584,2337,4,1,"0
"
107,7,0,56,false,attncheck,9,red,big,toma,14,5,small,6/16/2019,13:44,8584,2337,4,1,"7
"
70,1,5,50,false,samesize,23,green,small,toma,1,7,big,6/16/2019,15:23,32860,29627,4,2,"0
"
70,2,3,50,false,differentsizes,9,blue,big,blicket,24,8,small,6/16/2019,15:24,18755,15574,3,2,"0
"
70,3,6,100,true,samesize,20,green,small,sprock,4,18,big,6/16/2019,15:24,11613,12172,3,1,"0
"
70,4,2,100,true,contrast,16,blue,big,gade,11,21,small,6/16/2019,15:25,13544,8180,4,3,"0
"
70,5,1,100,false,contrast,15,red,small,wug,17,6,big,6/16/2019,15:25,11031,5133,3,4,"0
"
70,6,4,100,true,differentsizes,19,red,big,dax,14,22,small,6/16/2019,15:25,8973,7380,4,1,"0
"
70,7,0,100,true,attncheck,19,red,big,dax,14,22,small,6/16/2019,15:25,8973,7380,4,1,"7
"
14,1,6,55,true,samesize,12,purple,small,sprock,3,24,big,6/16/2019,16:23,10564,15246,3,1,"0
"
14,2,5,51,false,samesize,18,red,small,toma,9,20,big,6/16/2019,16:23,8285,5090,4,1,"0
"
14,3,2,10,true,contrast,2,blue,big,gade,14,7,small,6/16/2019,16:24,7618,13095,3,4,"0
"
14,4,4,14,true,differentsizes,6,purple,big,blicket,1,4,small,6/16/2019,16:24,7565,3377,4,2,"0
"
14,5,3,52,false,differentsizes,8,blue,big,wug,10,16,small,6/16/2019,16:24,7497,3097,4,2,"0
"
14,6,1,51,false,contrast,23,green,big,dax,15,21,small,6/16/2019,16:24,10168,4123,3,4,"0
"
14,7,0,51,false,attncheck,23,green,big,dax,15,21,small,6/16/2019,16:24,10168,4123,3,4,"5
"
91,1,1,49,false,contrast,7,purple,big,toma,6,5,small,6/16/2019,15:46,16636,15410,3,4,"0
"
91,2,4,50,true,differentsizes,20,purple,big,gade,8,24,small,6/16/2019,15:47,13360,8401,3,2,"0
"
91,3,5,75,false,samesize,3,purple,big,sprock,14,15,small,6/16/2019,15:47,10922,6801,3,1,"0
"
91,4,2,93,true,contrast,9,red,small,blicket,10,2,big,6/16/2019,15:47,9111,7141,3,4,"0
"
91,5,6,94,true,samesize,12,green,big,wug,18,23,small,6/16/2019,15:48,8886,4261,4,1,"0
"
91,6,3,100,false,differentsizes,11,green,small,dax,1,4,big,6/16/2019,15:48,7906,5101,3,1,"0
"
91,7,0,100,false,attncheck,11,green,small,dax,1,4,big,6/16/2019,15:48,7906,5101,3,1,"6
"
88,1,4,50,true,differentsizes,2,purple,big,blicket,16,4,small,6/16/2019,16:30,13334,15360,3,1,"0
"
88,2,5,80,false,samesize,15,green,big,gade,17,22,small,6/16/2019,16:31,11786,17224,3,1,"0
"
88,3,3,99,false,differentsizes,8,purple,big,sprock,12,10,small,6/16/2019,16:31,10631,6683,3,1,"0
"
88,4,1,100,false,contrast,19,red,small,wug,1,24,big,6/16/2019,16:32,14623,14982,3,4,"0
"
88,5,2,50,true,contrast,18,green,small,toma,6,9,big,6/16/2019,16:32,8913,14290,3,4,"0
"
88,6,6,50,true,samesize,3,green,big,dax,23,13,small,6/16/2019,16:32,11046,13916,3,1,"0
"
88,7,0,50,true,attncheck,3,green,big,dax,23,13,small,6/16/2019,16:32,11046,13916,3,1,"5
"
37,1,3,90,false,differentsizes,3,red,big,wug,6,21,small,6/16/2019,16:28,11963,16941,4,2,"0
"
37,2,5,70,false,samesize,24,purple,big,dax,11,23,small,6/16/2019,16:29,16659,5777,4,2,"0
"
37,3,6,100,true,samesize,7,green,small,sprock,2,12,big,6/16/2019,16:29,10996,3282,3,1,"0
"
37,4,1,80,false,contrast,4,blue,small,toma,22,15,big,6/16/2019,16:29,9842,4866,3,4,"0
"
37,5,4,100,true,differentsizes,8,green,big,blicket,16,14,small,6/16/2019,16:29,8056,6901,3,1,"0
"
37,6,2,85,true,contrast,1,green,small,gade,19,20,big,6/16/2019,16:30,9443,6444,4,3,"0
"
37,7,0,85,true,attncheck,1,green,small,gade,19,20,big,6/16/2019,16:30,9443,6444,4,3,"8
"
19,1,4,90,true,differentsizes,12,red,big,gade,14,15,small,6/16/2019,16:19,12818,15584,4,2,"0
"
19,2,3,89,false,differentsizes,19,purple,small,dax,3,17,big,6/16/2019,16:19,10721,11646,4,2,"0
"
19,3,6,93,true,samesize,23,red,small,sprock,9,11,big,6/16/2019,16:19,9926,7378,4,1,"0
"
19,4,1,45,false,contrast,2,blue,small,blicket,22,6,big,6/16/2019,16:20,8055,5180,4,3,"0
"
19,5,5,15,false,samesize,20,red,big,wug,10,13,small,6/16/2019,16:20,8340,5084,4,1,"0
"
19,6,2,99,true,contrast,8,purple,small,toma,7,16,big,6/16/2019,16:20,7337,4834,3,4,"0
"
19,7,0,99,true,attncheck,8,purple,small,toma,7,16,big,6/16/2019,16:20,7337,4834,3,4,"8
"
114,1,3,35,false,differentsizes,13,blue,big,dax,14,2,small,6/16/2019,15:21,12746,13009,3,1,"0
"
114,2,1,70,false,contrast,16,purple,small,wug,3,8,big,6/16/2019,15:21,7566,5767,4,3,"0
"
114,3,2,52,true,contrast,17,green,small,blicket,20,15,big,6/16/2019,15:21,10852,3993,4,3,"0
"
114,4,6,53,true,samesize,5,green,big,toma,22,23,small,6/16/2019,15:21,7512,2879,3,1,"0
"
114,5,4,50,true,differentsizes,12,green,small,gade,21,1,big,6/16/2019,15:22,7269,2061,4,1,"0
"
114,6,5,62,false,samesize,7,blue,small,sprock,6,24,big,6/16/2019,15:22,8869,3047,3,2,"0
"
114,7,0,62,false,attncheck,7,blue,small,sprock,6,24,big,6/16/2019,15:22,8869,3047,3,2,"8
"
59,1,6,20,true,samesize,15,green,big,blicket,6,2,small,6/16/2019,16:25,11868,15368,3,1,"0
"
59,2,4,20,true,differentsizes,11,blue,small,wug,10,14,big,6/16/2019,16:26,14030,7940,4,1,"0
"
59,3,3,60,false,differentsizes,5,blue,big,dax,23,24,small,6/16/2019,16:26,10445,9048,4,1,"0
"
59,4,2,20,true,contrast,12,purple,big,sprock,19,4,small,6/16/2019,16:26,8090,6633,3,4,"0
"
59,5,5,60,false,samesize,21,purple,big,gade,17,16,small,6/16/2019,16:26,15184,6225,4,1,"0
"
59,6,1,60,false,contrast,3,red,big,toma,1,22,small,6/16/2019,16:27,8625,6370,4,3,"0
"
59,7,0,60,false,attncheck,3,red,big,toma,1,22,small,6/16/2019,16:27,8625,6370,4,3,"8
"
65,1,1,50,false,contrast,1,blue,small,gade,2,22,big,6/16/2019,15:20,15968,20793,4,3,"0
"
65,2,2,50,true,contrast,12,green,small,wug,23,24,big,6/16/2019,15:21,10805,25548,4,3,"0
"
65,3,5,100,false,samesize,16,purple,big,dax,15,9,small,6/16/2019,15:21,14614,8532,3,2,"0
"
65,4,4,50,true,differentsizes,13,blue,big,toma,7,3,small,6/16/2019,15:22,10782,19028,4,2,"0
"
65,5,6,90,true,samesize,18,red,big,blicket,19,10,small,6/16/2019,15:22,13128,15443,4,1,"0
"
65,6,3,50,false,differentsizes,21,green,small,sprock,8,6,big,6/16/2019,15:22,11015,6158,3,1,"0
"
65,7,0,50,false,attncheck,21,green,small,sprock,8,6,big,6/16/2019,15:22,11015,6158,3,1,"7
"
113,1,3,75,false,differentsizes,3,red,big,blicket,24,15,small,6/16/2019,16:22,11699,20757,4,2,"0
"
113,2,5,50,false,samesize,5,green,big,sprock,2,20,small,6/16/2019,16:22,13300,4663,4,1,"0
"
113,3,6,40,true,samesize,4,red,small,dax,11,13,big,6/16/2019,16:22,9317,9705,4,2,"0
"
113,4,4,50,true,differentsizes,6,purple,big,toma,23,8,small,6/16/2019,16:23,11343,6294,3,1,"0
"
113,5,1,90,false,contrast,7,green,big,gade,16,17,small,6/16/2019,16:23,10035,6414,4,3,"0
"
113,6,2,50,true,contrast,1,green,small,wug,21,22,big,6/16/2019,16:23,7344,3795,3,4,"0
"
113,7,0,50,true,attncheck,1,green,small,wug,21,22,big,6/16/2019,16:23,7344,3795,3,4,"8
"
13,1,3,60,false,differentsizes,22,red,big,gade,14,11,small,6/16/2019,16:22,14686,10398,4,1,"0
"
13,2,2,20,true,contrast,15,green,small,toma,18,4,big,6/16/2019,16:23,13064,7527,3,4,"0
"
13,3,4,30,true,differentsizes,12,purple,small,dax,16,3,big,6/16/2019,16:23,10265,8516,4,2,"0
"
13,4,6,35,true,samesize,6,purple,small,wug,9,10,big,6/16/2019,16:24,13378,7285,3,1,"0
"
13,5,5,55,false,samesize,8,red,big,blicket,24,13,small,6/16/2019,16:24,11069,3763,4,2,"0
"
13,6,1,90,false,contrast,7,green,small,sprock,23,5,big,6/16/2019,16:24,9966,4438,3,4,"0
"
13,7,0,90,false,attncheck,7,green,small,sprock,23,5,big,6/16/2019,16:24,9966,4438,3,4,"6
"
78,1,6,24,true,samesize,15,blue,small,gade,18,9,big,6/16/2019,16:39,16970,12349,3,1,"0
"
78,2,5,81,false,samesize,11,blue,small,blicket,8,21,big,6/16/2019,16:40,21487,11612,4,1,"0
"
78,3,3,87,false,differentsizes,14,green,small,sprock,6,4,big,6/16/2019,16:40,9522,4137,4,1,"0
"
78,4,2,19,true,contrast,22,purple,big,dax,10,17,small,6/16/2019,16:40,8774,8627,4,3,"0
"
78,5,4,34,true,differentsizes,19,green,small,wug,3,2,big,6/16/2019,16:41,10249,9654,4,1,"0
"
78,6,1,92,false,contrast,1,red,small,toma,20,23,big,6/16/2019,16:41,10263,11479,3,4,"0
"
78,7,0,92,false,attncheck,1,red,small,toma,20,23,big,6/16/2019,16:41,10263,11479,3,4,"6
"
2,1,1,75,false,contrast,10,red,big,wug,7,24,small,6/16/2019,15:20,19230,23349,4,3,"0
"
2,2,5,30,false,samesize,23,red,small,gade,15,1,big,6/16/2019,15:20,15926,7220,4,2,"0
"
2,3,3,50,false,differentsizes,6,green,small,toma,12,11,big,6/16/2019,15:21,9315,5612,3,1,"0
"
2,4,6,25,true,samesize,18,red,big,dax,14,21,small,6/16/2019,15:21,8514,3399,3,1,"0
"
2,5,2,50,true,contrast,2,purple,small,blicket,5,16,big,6/16/2019,15:21,9076,4406,4,3,"0
"
2,6,4,50,true,differentsizes,8,green,big,sprock,13,20,small,6/16/2019,15:21,7994,6916,4,2,"0
"
2,7,0,50,true,attncheck,8,green,big,sprock,13,20,small,6/16/2019,15:21,7994,6916,4,2,"8
"
84,1,5,52,false,samesize,3,red,big,toma,16,9,small,6/16/2019,15:20,13001,10284,3,1,"0
"
84,2,2,19,true,contrast,5,blue,small,dax,17,24,big,6/16/2019,15:20,10255,3978,3,4,"0
"
84,3,6,33,true,samesize,8,blue,small,gade,20,13,big,6/16/2019,15:21,7062,1959,3,1,"0
"
84,4,3,71,false,differentsizes,1,purple,big,sprock,2,11,small,6/16/2019,15:21,7092,2901,3,1,"0
"
84,5,4,73,true,differentsizes,6,blue,big,wug,18,19,small,6/16/2019,15:21,6831,2192,4,1,"0
"
84,6,1,54,false,contrast,21,purple,big,blicket,14,7,small,6/16/2019,15:21,7221,2008,3,4,"0
"
84,7,0,54,false,attncheck,21,purple,big,blicket,14,7,small,6/16/2019,15:21,7221,2008,3,4,"7
"
31,1,5,39,false,samesize,12,blue,big,sprock,18,11,small,6/16/2019,13:19,20801,5234,3,1,"0
"
31,2,2,83,true,contrast,9,purple,small,blicket,16,1,big,6/16/2019,13:20,57217,4394,3,4,"0
"
31,3,4,41,true,differentsizes,4,purple,small,toma,17,20,big,6/16/2019,13:20,7932,1889,3,2,"0
"
31,4,6,49,true,samesize,15,green,big,gade,7,19,small,6/16/2019,13:20,9015,4660,4,2,"0
"
31,5,3,70,false,differentsizes,2,blue,small,dax,14,13,big,6/16/2019,13:21,7463,3749,4,1,"0
"
31,6,1,47,false,contrast,3,purple,big,wug,8,23,small,6/16/2019,13:21,11334,1994,4,3,"0
"
31,7,0,47,false,attncheck,3,purple,big,wug,8,23,small,6/16/2019,13:21,11334,1994,4,3,"6
"
29,1,2,50,true,contrast,3,purple,big,sprock,20,18,small,6/16/2019,15:18,14355,10513,3,4,"0
"
29,2,1,90,false,contrast,17,purple,big,toma,8,22,small,6/16/2019,15:18,15174,14220,3,4,"0
"
29,3,3,80,false,differentsizes,6,blue,small,dax,16,1,big,6/16/2019,15:19,12599,8783,4,2,"0
"
29,4,5,80,false,samesize,11,green,big,wug,19,13,small,6/16/2019,15:19,11429,5841,3,1,"0
"
29,5,6,40,true,samesize,12,purple,small,gade,23,24,big,6/16/2019,15:19,10518,10240,3,2,"0
"
29,6,4,40,true,differentsizes,14,purple,small,blicket,7,21,big,6/16/2019,15:20,8756,11966,3,1,"0
"
29,7,0,40,true,attncheck,14,purple,small,blicket,7,21,big,6/16/2019,15:20,8756,11966,3,1,"8
"
34,1,4,42,true,differentsizes,7,green,small,blicket,6,2,big,6/16/2019,13:29,36697,15480,4,1,"0
"
34,2,1,69,false,contrast,19,red,big,toma,24,14,small,6/16/2019,13:30,16494,15555,4,3,"0
"
34,3,5,54,false,samesize,12,purple,small,wug,1,13,big,6/16/2019,13:30,11729,5441,4,2,"0
"
34,4,3,65,false,differentsizes,18,red,small,sprock,5,11,big,6/16/2019,13:30,8986,2808,3,2,"0
"
34,5,6,47,true,samesize,20,red,big,gade,4,17,small,6/16/2019,13:30,8692,2389,3,2,"0
"
34,6,2,38,true,contrast,9,purple,big,dax,3,21,small,6/16/2019,13:31,10571,3635,3,4,"0
"
34,7,0,38,true,attncheck,9,purple,big,dax,3,21,small,6/16/2019,13:31,10571,3635,3,4,"7
"
11,1,6,9,true,samesize,22,purple,small,blicket,4,2,big,6/16/2019,15:18,18059,8421,4,1,"0
"
11,2,3,73,false,differentsizes,18,purple,big,gade,13,8,small,6/16/2019,15:19,11892,8109,4,2,"0
"
11,3,4,94,true,differentsizes,21,purple,small,dax,6,3,big,6/16/2019,15:19,11045,4941,3,1,"0
"
11,4,2,97,true,contrast,19,green,small,wug,11,15,big,6/16/2019,15:19,10007,5389,3,4,"0
"
11,5,1,98,false,contrast,9,green,small,toma,23,7,big,6/16/2019,15:20,9233,4980,3,4,"0
"
11,6,5,52,false,samesize,16,blue,small,sprock,20,10,big,6/16/2019,15:20,11247,4325,3,2,"0
"
11,7,0,52,false,attncheck,16,blue,small,sprock,20,10,big,6/16/2019,15:20,11247,4325,3,2,"8
"
43,1,4,50,true,differentsizes,21,red,big,blicket,18,5,small,6/16/2019,16:20,30026,10456,3,1,"0
"
43,2,5,50,false,samesize,12,green,small,dax,16,6,big,6/16/2019,16:20,11464,5169,4,2,"0
"
43,3,2,50,true,contrast,13,red,big,wug,1,19,small,6/16/2019,16:20,8752,4491,4,3,"0
"
43,4,6,50,true,samesize,17,blue,small,sprock,20,10,big,6/16/2019,16:21,7620,5135,4,1,"0
"
43,5,3,50,false,differentsizes,14,blue,big,gade,7,22,small,6/16/2019,16:21,8287,7309,3,2,"0
"
43,6,1,50,false,contrast,2,red,small,toma,23,15,big,6/16/2019,16:21,7270,5633,4,3,"0
"
43,7,0,50,false,attncheck,2,red,small,toma,23,15,big,6/16/2019,16:21,7270,5633,4,3,"8
"
98,1,1,12,false,contrast,21,purple,small,toma,14,23,big,6/16/2019,13:29,53527,10456,4,3,"0
"
98,2,2,52,true,contrast,11,blue,small,wug,9,17,big,6/16/2019,13:30,53302,7810,4,3,"0
"
98,3,3,6,false,differentsizes,24,purple,small,gade,22,16,big,6/16/2019,13:31,13468,15044,4,2,"0
"
98,4,5,2,false,samesize,7,red,small,sprock,18,13,big,6/16/2019,13:31,8417,13335,3,2,"0
"
98,5,6,2,true,samesize,5,blue,small,dax,15,2,big,6/16/2019,13:31,15266,7309,4,1,"0
"
98,6,4,17,true,differentsizes,3,green,big,blicket,1,12,small,6/16/2019,13:32,8620,7047,4,2,"0
"
98,7,0,17,true,attncheck,3,green,big,blicket,1,12,small,6/16/2019,13:32,8620,7047,4,2,"8
"
60,1,3,10,false,differentsizes,8,red,big,wug,16,14,small,6/16/2019,13:22,44203,13142,4,1,"0
"
60,2,2,33,true,contrast,4,purple,big,dax,17,10,small,6/16/2019,13:22,11932,14417,4,3,"0
"
60,3,4,33,true,differentsizes,22,purple,small,sprock,23,3,big,6/16/2019,13:23,9132,8570,4,2,"0
"
60,4,5,33,false,samesize,18,green,small,toma,19,12,big,6/16/2019,13:23,10652,9972,3,2,"0
"
60,5,6,33,true,samesize,21,blue,small,blicket,24,13,big,6/16/2019,13:23,9093,7003,4,2,"0
"
60,6,1,60,false,contrast,7,purple,big,gade,1,11,small,6/16/2019,13:24,8414,13693,3,4,"0
"
60,7,0,60,false,attncheck,7,purple,big,gade,1,11,small,6/16/2019,13:24,8414,13693,3,4,"7
"
116,1,6,40,true,samesize,3,red,big,gade,19,12,small,6/16/2019,16:21,12625,13493,3,1,"0
"
116,2,2,50,true,contrast,4,blue,small,dax,20,2,big,6/16/2019,16:21,9527,5798,3,4,"0
"
116,3,4,45,true,differentsizes,6,green,big,toma,17,15,small,6/16/2019,16:21,10383,5089,4,2,"0
"
116,4,3,59,false,differentsizes,18,red,small,sprock,5,10,big,6/16/2019,16:21,13118,6593,3,2,"0
"
116,5,5,71,false,samesize,9,blue,small,wug,23,14,big,6/16/2019,16:22,9103,2653,4,2,"0
"
116,6,1,90,false,contrast,21,red,big,blicket,8,13,small,6/16/2019,16:22,8021,4697,3,4,"0
"
116,7,0,90,false,attncheck,21,red,big,blicket,8,13,small,6/16/2019,16:22,8021,4697,3,4,"7
"
100,1,6,41,true,samesize,22,purple,small,gade,21,15,big,6/16/2019,13:22,14899,13148,4,1,"0
"
100,2,1,56,false,contrast,8,blue,big,sprock,7,16,small,6/16/2019,13:23,8543,8075,3,4,"0
"
100,3,2,29,true,contrast,13,green,small,blicket,6,23,big,6/16/2019,13:23,8298,4466,4,3,"0
"
100,4,3,76,false,differentsizes,10,blue,big,toma,1,14,small,6/16/2019,13:23,10110,2201,4,1,"0
"
100,5,5,61,false,samesize,11,green,big,wug,2,19,small,6/16/2019,13:23,7910,3677,4,2,"0
"
100,6,4,33,true,differentsizes,18,red,big,dax,4,3,small,6/16/2019,13:24,7200,5008,3,2,"0
"
100,7,0,33,true,attncheck,18,red,big,dax,4,3,small,6/16/2019,13:24,7200,5008,3,2,"6
"
57,1,3,87,false,differentsizes,20,green,small,toma,13,19,big,6/16/2019,16:21,16040,12862,3,1,"0
"
57,2,1,40,false,contrast,5,blue,big,gade,11,10,small,6/16/2019,16:21,9355,5494,4,3,"0
"
57,3,6,21,true,samesize,22,green,small,sprock,23,8,big,6/16/2019,16:22,10844,2818,4,1,"0
"
57,4,4,21,true,differentsizes,18,green,small,dax,7,6,big,6/16/2019,16:22,8503,3663,3,1,"0
"
57,5,2,21,true,contrast,14,red,big,wug,2,21,small,6/16/2019,16:22,10298,4139,4,3,"0
"
57,6,5,87,false,samesize,24,red,big,blicket,12,15,small,6/16/2019,16:22,10301,8900,4,1,"0
"
57,7,0,87,false,attncheck,24,red,big,blicket,12,15,small,6/16/2019,16:22,10301,8900,4,1,"8
"
92,1,1,77,false,contrast,23,purple,big,wug,3,2,small,6/16/2019,16:20,10204,6192,4,3,"0
"
92,2,6,41,true,samesize,24,purple,big,blicket,5,6,small,6/16/2019,16:20,20158,4272,3,2,"0
"
92,3,3,72,false,differentsizes,10,purple,big,dax,14,16,small,6/16/2019,16:20,7567,2487,4,2,"0
"
92,4,5,79,false,samesize,20,blue,big,gade,15,9,small,6/16/2019,16:20,14534,2872,4,1,"0
"
92,5,4,23,true,differentsizes,11,purple,small,toma,7,8,big,6/16/2019,16:21,10384,2824,4,1,"0
"
92,6,2,27,true,contrast,21,green,small,sprock,18,17,big,6/16/2019,16:21,25753,2344,3,4,"0
"
92,7,0,27,true,attncheck,21,green,small,sprock,18,17,big,6/16/2019,16:21,25753,2344,3,4,"8
"
115,1,2,20,true,contrast,20,blue,big,blicket,3,22,small,6/16/2019,13:28,43353,14974,4,3,"0
"
115,2,5,76,false,samesize,16,purple,big,toma,7,13,small,6/16/2019,13:30,61112,32811,3,1,"0
"
115,3,1,61,false,contrast,23,green,big,dax,6,8,small,6/16/2019,13:31,14202,24408,4,3,"0
"
115,4,6,50,true,samesize,19,purple,big,wug,1,5,small,6/16/2019,13:31,13144,11370,4,1,"0
"
115,5,3,90,false,differentsizes,2,red,big,sprock,24,11,small,6/16/2019,13:32,15737,21001,3,2,"0
"
115,6,4,35,true,differentsizes,9,green,small,gade,18,10,big,6/16/2019,13:32,12027,14878,4,2,"0
"
115,7,0,35,true,attncheck,9,green,small,gade,18,10,big,6/16/2019,13:32,12027,14878,4,2,"7
"
35,1,2,33,true,contrast,18,purple,big,gade,8,10,small,6/16/2019,16:14,15196,17130,4,3,"0
"
35,2,6,60,true,samesize,2,purple,big,wug,21,17,small,6/16/2019,16:14,12146,5482,4,1,"0
"
35,3,5,55,false,samesize,6,blue,small,dax,4,16,big,6/16/2019,16:14,8789,8726,4,1,"0
"
35,4,3,53,false,differentsizes,20,blue,small,sprock,7,22,big,6/16/2019,16:15,10202,4591,3,2,"0
"
35,5,1,62,false,contrast,9,purple,small,blicket,1,3,big,6/16/2019,16:15,11960,7661,4,3,"0
"
35,6,4,68,true,differentsizes,19,purple,small,toma,11,12,big,6/16/2019,16:15,11203,6004,3,2,"0
"
35,7,0,68,true,attncheck,19,purple,small,toma,11,12,big,6/16/2019,16:15,11203,6004,3,2,"8
"
85,1,5,70,false,samesize,20,purple,big,blicket,21,17,small,6/16/2019,20:37,14684,45283,4,1,"0
"
85,2,2,50,true,contrast,8,blue,big,wug,4,9,small,6/16/2019,20:38,11466,7380,4,3,"0
"
85,3,3,51,false,differentsizes,14,purple,small,gade,1,18,big,6/16/2019,20:38,13860,11411,3,2,"0
"
85,4,4,30,true,differentsizes,7,blue,small,sprock,12,19,big,6/16/2019,20:38,11282,5775,3,1,"0
"
85,5,1,25,false,contrast,2,purple,small,toma,24,10,big,6/16/2019,20:39,9278,5889,4,3,"0
"
85,6,6,30,true,samesize,15,blue,big,dax,22,5,small,6/16/2019,20:39,8491,4645,3,2,"0
"
85,7,0,30,true,attncheck,15,blue,big,dax,22,5,small,6/16/2019,20:39,8491,4645,3,2,"5
"
99,1,1,49,false,contrast,10,purple,small,dax,16,8,big,6/16/2019,15:20,17144,16568,4,3,"0
"
99,2,5,77,false,samesize,18,purple,big,toma,7,13,small,6/16/2019,15:20,11027,7769,3,1,"0
"
99,3,4,92,true,differentsizes,11,green,big,blicket,9,4,small,6/16/2019,15:21,9753,6793,3,1,"0
"
99,4,6,85,true,samesize,3,purple,big,sprock,20,21,small,6/16/2019,15:21,9532,6491,3,2,"0
"
99,5,3,100,false,differentsizes,23,green,big,gade,24,15,small,6/16/2019,15:21,9371,4900,4,2,"0
"
99,6,2,85,true,contrast,14,green,big,wug,6,2,small,6/16/2019,15:22,45519,5042,3,4,"0
"
99,7,0,85,true,attncheck,14,green,big,wug,6,2,small,6/16/2019,15:22,45519,5042,3,4,"5
"
93,1,4,50,true,differentsizes,8,blue,big,blicket,1,18,small,6/16/2019,15:34,17186,34179,4,2,"0
"
93,2,3,25,false,differentsizes,5,red,big,wug,12,3,small,6/16/2019,15:34,22003,15203,3,2,"0
"
93,3,6,30,true,samesize,23,red,big,sprock,14,22,small,6/16/2019,15:35,13113,18784,4,1,"0
"
93,4,2,60,true,contrast,10,purple,small,dax,19,7,big,6/16/2019,15:35,9192,11311,4,3,"0
"
93,5,1,50,false,contrast,11,blue,small,gade,21,9,big,6/16/2019,15:35,9030,11822,3,4,"0
"
93,6,5,70,false,samesize,6,purple,big,toma,13,15,small,6/16/2019,15:36,11020,11524,4,2,"0
"
93,7,0,70,false,attncheck,6,purple,big,toma,13,15,small,6/16/2019,15:36,11020,11524,4,2,"6
"
55,1,3,59,false,differentsizes,14,red,small,wug,2,1,big,6/16/2019,15:18,9214,10796,3,2,"0
"
55,2,2,49,true,contrast,10,green,big,gade,8,3,small,6/16/2019,15:18,7247,3651,3,4,"0
"
55,3,4,49,true,differentsizes,21,blue,big,toma,13,4,small,6/16/2019,15:18,6926,3424,3,2,"0
"
55,4,5,77,false,samesize,19,blue,small,dax,22,6,big,6/16/2019,15:19,6752,6660,4,2,"0
"
55,5,1,76,false,contrast,18,red,small,blicket,15,20,big,6/16/2019,15:19,6976,2723,4,3,"0
"
55,6,6,25,true,samesize,5,blue,big,sprock,11,9,small,6/16/2019,15:19,7411,3361,4,1,"0
"
55,7,0,25,true,attncheck,5,blue,big,sprock,11,9,small,6/16/2019,15:19,7411,3361,4,1,"6
"
22,1,6,47,true,samesize,9,red,big,toma,16,20,small,6/16/2019,16:23,15443,14058,4,1,"0
"
22,2,2,49,true,contrast,18,blue,big,sprock,2,4,small,6/16/2019,16:23,8337,7043,4,3,"0
"
22,3,5,94,false,samesize,12,red,small,dax,6,17,big,6/16/2019,16:24,8852,8745,4,2,"0
"
22,4,1,83,false,contrast,10,purple,small,blicket,11,21,big,6/16/2019,16:24,7348,7356,4,3,"0
"
22,5,3,83,false,differentsizes,1,green,small,wug,14,5,big,6/16/2019,16:24,8244,7017,4,1,"0
"
22,6,4,48,true,differentsizes,13,green,small,gade,23,15,big,6/16/2019,16:24,7685,4970,3,2,"0
"
22,7,0,48,true,attncheck,13,green,small,gade,23,15,big,6/16/2019,16:24,7685,4970,3,2,"5
"
97,1,1,50,false,contrast,16,red,big,gade,18,4,small,6/16/2019,16:18,10973,8349,3,4,"0
"
97,2,3,50,false,differentsizes,13,blue,small,blicket,17,6,big,6/16/2019,16:18,18439,4820,3,2,"0
"
97,3,2,50,true,contrast,23,purple,small,wug,19,14,big,6/16/2019,16:19,8699,5090,4,3,"0
"
97,4,4,50,true,differentsizes,15,red,small,toma,11,2,big,6/16/2019,16:19,9821,2907,3,2,"0
"
97,5,6,50,true,samesize,21,purple,big,sprock,8,24,small,6/16/2019,16:19,8282,4852,3,2,"0
"
97,6,5,50,false,samesize,7,red,small,dax,1,12,big,6/16/2019,16:19,8176,5849,3,2,"0
"
97,7,0,50,false,attncheck,7,red,small,dax,1,12,big,6/16/2019,16:19,8176,5849,3,2,"7
"
111,1,4,20,true,differentsizes,17,green,big,dax,6,14,small,6/16/2019,15:19,11103,7539,3,1,"0
"
111,2,2,35,true,contrast,10,green,big,toma,2,12,small,6/16/2019,15:20,18850,5863,4,3,"0
"
111,3,1,80,false,contrast,4,red,small,sprock,16,24,big,6/16/2019,15:20,11021,3407,3,4,"0
"
111,4,3,85,false,differentsizes,21,green,small,blicket,8,20,big,6/16/2019,15:20,12963,3649,3,2,"0
"
111,5,5,20,false,samesize,11,green,big,wug,18,22,small,6/16/2019,15:21,8335,5610,3,1,"0
"
111,6,6,20,true,samesize,13,purple,big,gade,1,5,small,6/16/2019,15:21,7901,3366,3,1,"0
"
111,7,0,20,true,attncheck,13,purple,big,gade,1,5,small,6/16/2019,15:21,7901,3366,3,1,"5
"
52,1,6,54,true,samesize,21,purple,big,toma,14,10,small,6/16/2019,15:26,12310,17069,4,1,"0
"
52,2,1,33,false,contrast,1,green,big,gade,9,20,small,6/16/2019,15:26,8598,6936,4,3,"0
"
52,3,4,62,true,differentsizes,18,blue,big,wug,4,12,small,6/16/2019,15:26,9050,5251,4,1,"0
"
52,4,5,54,false,samesize,6,red,big,blicket,17,7,small,6/16/2019,15:27,10370,3784,4,2,"0
"
52,5,3,38,false,differentsizes,24,green,big,sprock,2,5,small,6/16/2019,15:27,7020,5833,3,1,"0
"
52,6,2,59,true,contrast,13,purple,small,dax,15,23,big,6/16/2019,15:27,7193,4853,3,4,"0
"
52,7,0,59,true,attncheck,13,purple,small,dax,15,23,big,6/16/2019,15:27,7193,4853,3,4,"5
"
86,1,1,28,false,contrast,15,red,big,wug,1,6,small,6/16/2019,16:28,10521,7000,4,3,"0
"
86,2,5,53,false,samesize,20,green,small,blicket,12,18,big,6/16/2019,16:29,8476,3394,4,1,"0
"
86,3,4,71,true,differentsizes,24,blue,big,gade,3,4,small,6/16/2019,16:29,7169,3785,4,2,"0
"
86,4,3,35,false,differentsizes,13,purple,small,dax,19,9,big,6/16/2019,16:29,6974,3288,4,1,"0
"
86,5,2,45,true,contrast,7,green,big,toma,17,16,small,6/16/2019,16:29,6830,3288,3,4,"0
"
86,6,6,42,true,samesize,10,red,small,sprock,21,23,big,6/16/2019,16:29,6761,2909,4,1,"0
"
86,7,0,42,true,attncheck,10,red,small,sprock,21,23,big,6/16/2019,16:29,6761,2909,4,1,"7
"
76,1,3,12,false,differentsizes,3,blue,small,dax,1,9,big,6/16/2019,16:19,12419,12959,4,1,"0
"
76,2,1,9,false,contrast,18,green,small,gade,22,6,big,6/16/2019,16:19,9803,4813,4,3,"0
"
76,3,4,18,true,differentsizes,12,green,big,blicket,14,5,small,6/16/2019,16:19,7121,5849,3,1,"0
"
76,4,6,19,true,samesize,17,blue,big,sprock,11,23,small,6/16/2019,16:19,8906,3775,3,2,"0
"
76,5,5,21,false,samesize,10,blue,big,wug,7,13,small,6/16/2019,16:20,7750,3729,3,1,"0
"
76,6,2,20,true,contrast,2,red,big,toma,8,21,small,6/16/2019,16:20,6917,5294,3,4,"0
"
76,7,0,20,true,attncheck,2,red,big,toma,8,21,small,6/16/2019,16:20,6917,5294,3,4,"8
"
103,1,1,50,false,contrast,22,green,big,wug,12,13,small,6/16/2019,16:18,15854,9182,4,3,"0
"
103,2,2,50,true,contrast,24,blue,small,blicket,5,8,big,6/16/2019,16:18,9669,7398,4,3,"0
"
103,3,5,50,false,samesize,9,blue,small,gade,11,7,big,6/16/2019,16:19,10522,7127,4,2,"0
"
103,4,3,50,false,differentsizes,1,purple,small,toma,2,3,big,6/16/2019,16:19,9774,4286,3,1,"0
"
103,5,6,50,true,samesize,19,blue,small,dax,14,16,big,6/16/2019,16:19,10278,5537,3,2,"0
"
103,6,4,50,true,differentsizes,15,blue,small,sprock,20,10,big,6/16/2019,16:19,8777,6676,3,2,"0
"
103,7,0,50,true,attncheck,15,blue,small,sprock,20,10,big,6/16/2019,16:19,8777,6676,3,2,"8
"
94,1,5,20,false,samesize,6,purple,big,wug,4,23,small,6/16/2019,15:35,105686,31337,3,2,"0
"
94,2,1,25,false,contrast,5,purple,big,sprock,18,2,small,6/16/2019,15:36,13466,15846,3,4,"0
"
94,3,6,45,true,samesize,9,blue,big,blicket,11,8,small,6/16/2019,15:36,13428,15226,3,2,"0
"
94,4,3,30,false,differentsizes,13,purple,big,toma,3,14,small,6/16/2019,15:37,10271,7496,4,2,"0
"
94,5,4,50,true,differentsizes,19,green,big,gade,22,17,small,6/16/2019,15:37,8062,12902,4,1,"0
"
94,6,2,25,true,contrast,12,purple,small,dax,7,16,big,6/16/2019,15:37,9742,13119,4,3,"0
"
94,7,0,25,true,attncheck,12,purple,small,dax,7,16,big,6/16/2019,15:37,9742,13119,4,3,"6
"
73,1,3,44,false,differentsizes,7,blue,big,dax,8,15,small,6/16/2019,16:46,53339,18639,4,2,"0
"
73,2,1,20,false,contrast,4,red,small,sprock,20,12,big,6/16/2019,16:47,12203,5653,4,3,"0
"
73,3,5,25,false,samesize,24,red,small,blicket,11,9,big,6/16/2019,16:47,13549,4815,4,2,"0
"
73,4,4,69,true,differentsizes,16,purple,big,gade,13,6,small,6/16/2019,16:47,10538,3944,4,2,"0
"
73,5,6,56,true,samesize,10,blue,big,wug,23,18,small,6/16/2019,16:48,20722,4383,4,2,"0
"
73,6,2,38,true,contrast,1,blue,big,toma,22,3,small,6/16/2019,16:48,13023,2437,4,3,"0
"
73,7,0,38,true,attncheck,1,blue,big,toma,22,3,small,6/16/2019,16:48,13023,2437,4,3,"8
"
118,1,3,35,false,differentsizes,12,purple,small,toma,2,14,big,6/16/2019,16:24,11045,25399,3,2,"0
"
118,2,4,41,true,differentsizes,13,blue,small,wug,6,8,big,6/16/2019,16:24,9119,2831,4,1,"0
"
118,3,1,55,false,contrast,11,blue,big,sprock,5,3,small,6/16/2019,16:24,10632,5913,3,4,"0
"
118,4,5,37,false,samesize,16,red,big,blicket,1,17,small,6/16/2019,16:24,11520,2361,4,1,"0
"
118,5,6,38,true,samesize,24,red,big,dax,23,19,small,6/16/2019,16:25,16273,2670,3,1,"0
"
118,6,2,26,true,contrast,22,blue,small,gade,4,9,big,6/16/2019,16:25,9439,2385,3,4,"0
"
118,7,0,26,true,attncheck,22,blue,small,gade,4,9,big,6/16/2019,16:25,9439,2385,3,4,"6
"
6,1,3,29,false,differentsizes,1,blue,small,dax,9,16,big,6/16/2019,16:36,14096,6839,4,2,"0
"
6,2,5,23,false,samesize,3,green,small,blicket,21,24,big,6/16/2019,16:37,9786,3270,3,1,"0
"
6,3,1,50,false,contrast,10,green,big,sprock,19,20,small,6/16/2019,16:37,9154,3370,3,4,"0
"
6,4,4,24,true,differentsizes,7,green,big,gade,5,14,small,6/16/2019,16:37,7269,4041,4,1,"0
"
6,5,2,30,true,contrast,2,purple,small,wug,12,11,big,6/16/2019,16:37,7167,2369,4,3,"0
"
6,6,6,35,true,samesize,13,green,big,toma,15,18,small,6/16/2019,16:37,10549,1756,4,2,"0
"
6,7,0,35,true,attncheck,13,green,big,toma,15,18,small,6/16/2019,16:37,10549,1756,4,2,"6
"
18,1,6,50,true,samesize,7,red,small,wug,9,13,big,6/16/2019,16:23,20260,16406,3,1,"0
"
18,2,2,50,true,contrast,22,purple,big,toma,24,17,small,6/16/2019,16:23,9229,5614,3,4,"0
"
18,3,5,50,false,samesize,3,red,small,blicket,10,12,big,6/16/2019,16:24,8813,7158,3,1,"0
"
18,4,1,100,false,contrast,11,purple,small,sprock,8,4,big,6/16/2019,16:24,10297,21510,4,3,"0
"
18,5,3,100,false,differentsizes,23,red,small,dax,2,19,big,6/16/2019,16:25,11360,8893,3,1,"0
"
18,6,4,50,true,differentsizes,5,purple,big,gade,18,20,small,6/16/2019,16:25,7549,5006,4,2,"0
"
18,7,0,50,true,attncheck,5,purple,big,gade,18,20,small,6/16/2019,16:25,7549,5006,4,2,"7
"
25,1,6,30,true,samesize,20,purple,big,dax,16,13,small,6/16/2019,15:19,11340,59767,3,2,"0
"
25,2,1,60,false,contrast,10,blue,small,toma,24,6,big,6/16/2019,15:19,9979,5927,4,3,"0
"
25,3,5,10,false,samesize,7,blue,small,blicket,19,5,big,6/16/2019,15:19,12640,7935,4,1,"0
"
25,4,3,50,false,differentsizes,21,red,big,gade,15,8,small,6/16/2019,15:20,12269,8169,4,2,"0
"
25,5,4,40,true,differentsizes,4,green,big,sprock,14,2,small,6/16/2019,15:20,10360,5644,4,2,"0
"
25,6,2,60,true,contrast,1,green,big,wug,23,22,small,6/16/2019,15:20,8525,5656,3,4,"0
"
25,7,0,60,true,attncheck,1,green,big,wug,23,22,small,6/16/2019,15:20,8525,5656,3,4,"7
"
66,1,2,52,true,contrast,22,blue,big,wug,21,3,small,6/16/2019,15:18,15755,8935,3,4,"0
"
66,2,1,60,false,contrast,18,purple,small,sprock,19,6,big,6/16/2019,15:18,11217,9288,4,3,"0
"
66,3,4,44,true,differentsizes,7,green,big,gade,23,9,small,6/16/2019,15:19,11045,4439,3,1,"0
"
66,4,3,59,false,differentsizes,11,red,small,blicket,17,13,big,6/16/2019,15:19,11307,5973,3,1,"0
"
66,5,5,68,false,samesize,20,green,small,dax,2,16,big,6/16/2019,15:19,14103,4178,4,1,"0
"
66,6,6,54,true,samesize,1,green,big,toma,14,12,small,6/16/2019,15:20,11549,3602,3,2,"0
"
66,7,0,54,true,attncheck,1,green,big,toma,14,12,small,6/16/2019,15:20,11549,3602,3,2,"7
"
72,1,1,71,false,contrast,7,green,small,gade,8,9,big,6/16/2019,16:18,9488,3768,4,3,"0
"
72,2,2,71,true,contrast,13,blue,big,blicket,18,3,small,6/16/2019,16:18,11164,1685,4,3,"0
"
72,3,3,45,false,differentsizes,11,red,big,dax,2,15,small,6/16/2019,16:19,13164,2487,4,2,"0
"
72,4,4,85,true,differentsizes,17,purple,big,toma,12,5,small,6/16/2019,16:19,7908,2248,4,2,"0
"
72,5,6,73,true,samesize,19,green,small,sprock,10,24,big,6/16/2019,16:19,7150,1701,3,1,"0
"
72,6,5,50,false,samesize,1,red,small,wug,20,14,big,6/16/2019,16:19,7310,2605,3,1,"0
"
72,7,0,50,false,attncheck,1,red,small,wug,20,14,big,6/16/2019,16:19,7310,2605,3,1,"6
"
4,1,3,67,false,differentsizes,22,blue,big,blicket,1,15,small,6/16/2019,23:24,10798,7157,4,1,"0
"
4,2,4,46,true,differentsizes,23,red,small,toma,7,21,big,6/16/2019,23:24,8498,5600,4,2,"0
"
4,3,1,82,false,contrast,3,blue,small,sprock,5,13,big,6/16/2019,23:24,8333,4116,4,3,"0
"
4,4,6,68,true,samesize,18,red,big,wug,4,11,small,6/16/2019,23:24,8883,2705,3,2,"0
"
4,5,2,33,true,contrast,19,purple,small,gade,8,24,big,6/16/2019,23:25,10183,2946,3,4,"0
"
4,6,5,75,false,samesize,12,purple,big,dax,16,17,small,6/16/2019,23:25,7561,2511,4,2,"0
"
4,7,0,75,false,attncheck,12,purple,big,dax,16,17,small,6/16/2019,23:25,7561,2511,4,2,"5
"
9,1,6,32,true,samesize,12,blue,big,wug,4,15,small,6/16/2019,13:22,13971,14943,3,1,"0
"
9,2,4,53,true,differentsizes,13,red,small,sprock,10,2,big,6/16/2019,13:22,10440,8180,3,1,"0
"
9,3,1,33,false,contrast,20,purple,big,gade,23,19,small,6/16/2019,13:23,9159,7330,3,4,"0
"
9,4,2,23,true,contrast,11,green,big,dax,7,9,small,6/16/2019,13:23,9555,9644,3,4,"0
"
9,5,5,85,false,samesize,3,green,small,blicket,14,16,big,6/16/2019,13:23,9539,6800,3,2,"0
"
9,6,3,57,false,differentsizes,18,purple,small,toma,22,17,big,6/16/2019,13:24,8708,7550,3,1,"0
"
9,7,0,57,false,attncheck,18,purple,small,toma,22,17,big,6/16/2019,13:24,8708,7550,3,1,"5
"
75,1,2,34,true,contrast,10,purple,small,gade,5,21,big,6/16/2019,23:27,10197,10613,3,4,"0
"
75,2,6,26,true,samesize,4,blue,big,sprock,7,8,small,6/16/2019,23:28,71625,2601,3,1,"0
"
75,3,5,35,false,samesize,18,blue,big,toma,14,12,small,6/16/2019,23:29,21140,4143,4,2,"0
"
75,4,3,22,false,differentsizes,17,purple,big,blicket,3,9,small,6/16/2019,23:30,59408,2460,3,2,"0
"
75,5,1,24,false,contrast,24,red,big,dax,2,23,small,6/16/2019,23:30,12351,4272,4,3,"0
"
75,6,4,14,true,differentsizes,13,red,big,wug,20,15,small,6/16/2019,23:31,44298,3913,4,2,"0
"
75,7,0,14,true,attncheck,13,red,big,wug,20,15,small,6/16/2019,23:31,44298,3913,4,2,"5
"
105,1,1,21,false,contrast,18,green,small,toma,6,12,big,6/16/2019,15:24,22159,13608,4,3,"0
"
105,2,5,39,false,samesize,11,blue,big,wug,13,16,small,6/16/2019,15:24,15300,7044,3,2,"0
"
105,3,2,11,true,contrast,7,green,big,sprock,22,8,small,6/16/2019,15:25,13694,6191,3,4,"0
"
105,4,4,21,true,differentsizes,21,blue,small,dax,9,10,big,6/16/2019,15:25,10751,5756,3,2,"0
"
105,5,6,28,true,samesize,17,purple,big,gade,1,14,small,6/16/2019,15:25,10934,6164,3,1,"0
"
105,6,3,46,false,differentsizes,2,purple,big,blicket,23,20,small,6/16/2019,15:26,7848,6224,4,2,"0
"
105,7,0,46,false,attncheck,2,purple,big,blicket,23,20,small,6/16/2019,15:26,7848,6224,4,2,"6
"
39,1,5,25,false,samesize,21,red,small,sprock,7,14,big,6/16/2019,13:23,13853,27793,3,1,"0
"
39,2,1,25,false,contrast,11,green,big,blicket,2,4,small,6/16/2019,13:23,10041,5878,4,3,"0
"
39,3,2,30,true,contrast,18,red,small,toma,3,24,big,6/16/2019,13:23,7819,11325,3,4,"0
"
39,4,4,35,true,differentsizes,23,red,small,dax,15,20,big,6/16/2019,13:24,8188,4293,3,2,"0
"
39,5,6,40,true,samesize,22,purple,small,gade,8,10,big,6/16/2019,13:24,7371,5244,4,2,"0
"
39,6,3,25,false,differentsizes,1,purple,big,wug,5,12,small,6/16/2019,13:24,8166,5250,3,2,"0
"
39,7,0,25,false,attncheck,1,purple,big,wug,5,12,small,6/16/2019,13:24,8166,5250,3,2,"6
"
10,1,4,70,true,differentsizes,12,red,big,dax,1,5,small,6/16/2019,13:21,13925,18628,3,1,"0
"
10,2,2,27,true,contrast,9,blue,small,gade,8,20,big,6/16/2019,13:22,10909,6209,4,3,"0
"
10,3,6,32,true,samesize,17,green,small,blicket,11,13,big,6/16/2019,13:22,9547,5194,3,1,"0
"
10,4,5,51,false,samesize,4,red,big,toma,22,24,small,6/16/2019,13:22,14924,2989,3,1,"0
"
10,5,3,9,false,differentsizes,6,red,big,wug,2,23,small,6/16/2019,13:22,8553,6102,3,2,"0
"
10,6,1,9,false,contrast,21,blue,big,sprock,18,3,small,6/16/2019,13:23,7936,4212,4,3,"0
"
10,7,0,9,false,attncheck,21,blue,big,sprock,18,3,small,6/16/2019,13:23,7936,4212,4,3,"5
"
110,1,4,20,true,differentsizes,5,green,small,toma,23,7,big,6/16/2019,16:22,14807,9336,3,1,"0
"
110,2,6,24,true,samesize,1,green,small,sprock,9,22,big,6/16/2019,16:22,8270,2367,3,1,"0
"
110,3,2,52,true,contrast,2,blue,big,dax,19,17,small,6/16/2019,16:22,7543,1894,4,3,"0
"
110,4,3,40,false,differentsizes,21,green,small,gade,6,14,big,6/16/2019,16:23,11864,3590,4,1,"0
"
110,5,1,40,false,contrast,12,red,small,blicket,10,4,big,6/16/2019,16:23,10039,2589,4,3,"0
"
110,6,5,53,false,samesize,16,green,big,wug,13,3,small,6/16/2019,16:23,10328,2840,4,1,"0
"
110,7,0,53,false,attncheck,16,green,big,wug,13,3,small,6/16/2019,16:23,10328,2840,4,1,"6
"
15,1,1,33,false,contrast,5,blue,big,gade,15,20,small,6/16/2019,10:20,28508,22165,4,3,"0
"
15,2,2,50,true,contrast,12,blue,small,toma,9,21,big,6/16/2019,10:20,13028,16779,3,4,"0
"
15,3,6,50,true,samesize,23,red,small,wug,13,16,big,6/16/2019,10:21,15563,22084,4,1,"0
"
15,4,4,50,true,differentsizes,11,purple,small,sprock,18,3,big,6/16/2019,10:22,15643,17416,4,2,"0
"
15,5,5,0,false,samesize,1,purple,big,dax,6,8,small,6/16/2019,10:22,13630,21499,4,1,"0
"
15,6,3,50,false,differentsizes,19,purple,small,blicket,17,2,big,6/16/2019,10:23,13037,10266,3,2,"0
"
15,7,0,50,false,attncheck,19,purple,small,blicket,17,2,big,6/16/2019,10:23,13037,10266,3,2,"7
"
58,1,5,81,false,samesize,3,red,small,gade,24,8,big,6/16/2019,13:23,11867,9884,4,2,"0
"
58,2,3,83,false,differentsizes,10,purple,small,dax,7,2,big,6/16/2019,13:23,9111,5334,3,1,"0
"
58,3,4,85,true,differentsizes,5,blue,small,sprock,12,6,big,6/16/2019,13:24,8784,3638,4,1,"0
"
58,4,1,56,false,contrast,18,green,big,wug,22,19,small,6/16/2019,13:24,7974,2294,4,3,"0
"
58,5,6,78,true,samesize,14,green,small,toma,17,15,big,6/16/2019,13:24,9207,4789,3,2,"0
"
58,6,2,86,true,contrast,16,purple,big,blicket,11,9,small,6/16/2019,13:24,8054,2814,3,4,"0
"
58,7,0,86,true,attncheck,16,purple,big,blicket,11,9,small,6/16/2019,13:24,8054,2814,3,4,"7
"
27,1,3,47,false,differentsizes,4,red,small,gade,16,3,big,6/16/2019,16:27,14477,11450,4,2,"0
"
27,2,2,45,true,contrast,15,purple,big,toma,20,19,small,6/16/2019,16:27,12697,2416,4,3,"0
"
27,3,5,50,false,samesize,11,red,big,sprock,24,23,small,6/16/2019,16:27,7557,2621,3,1,"0
"
27,4,1,49,false,contrast,12,blue,big,blicket,13,18,small,6/16/2019,16:27,8358,5530,3,4,"0
"
27,5,4,44,true,differentsizes,22,purple,big,wug,21,17,small,6/16/2019,16:27,7921,2253,3,1,"0
"
27,6,6,42,true,samesize,14,red,big,dax,10,8,small,6/16/2019,16:28,8580,1757,4,2,"0
"
27,7,0,42,true,attncheck,14,red,big,dax,10,8,small,6/16/2019,16:28,8580,1757,4,2,"5
"
95,1,4,16,true,differentsizes,23,purple,big,dax,22,6,small,6/16/2019,15:19,12005,13297,3,2,"0
"
95,2,5,53,false,samesize,19,purple,small,toma,10,18,big,6/16/2019,15:19,13676,13222,3,1,"0
"
95,3,1,72,false,contrast,1,red,small,gade,15,8,big,6/16/2019,15:20,11814,6324,4,3,"0
"
95,4,6,48,true,samesize,9,green,big,blicket,24,2,small,6/16/2019,15:20,10132,10074,4,2,"0
"
95,5,3,77,false,differentsizes,4,red,big,wug,3,7,small,6/16/2019,15:20,9275,8339,3,2,"0
"
95,6,2,23,true,contrast,17,red,small,sprock,21,11,big,6/16/2019,15:21,9195,7042,3,4,"0
"
95,7,0,23,true,attncheck,17,red,small,sprock,21,11,big,6/16/2019,15:21,9195,7042,3,4,"8
"
8,1,3,71,false,differentsizes,9,blue,big,wug,19,16,small,6/16/2019,13:17,13224,8631,3,2,"0
"
8,2,1,33,false,contrast,5,purple,big,blicket,4,10,small,6/16/2019,13:18,11478,9435,3,4,"0
"
8,3,4,50,true,differentsizes,18,red,big,gade,6,21,small,6/16/2019,13:18,9631,7012,4,2,"0
"
8,4,6,33,true,samesize,13,red,small,sprock,24,7,big,6/16/2019,13:18,8491,6386,3,1,"0
"
8,5,2,33,true,contrast,12,green,big,toma,17,2,small,6/16/2019,13:19,9818,3922,3,4,"0
"
8,6,5,100,false,samesize,22,red,big,dax,11,20,small,6/16/2019,13:19,12577,4809,4,1,"0
"
8,7,0,100,false,attncheck,22,red,big,dax,11,20,small,6/16/2019,13:19,12577,4809,4,1,"8
"
23,1,4,40,true,differentsizes,10,blue,small,wug,11,21,big,6/16/2019,16:23,14591,16051,4,2,"0
"
23,2,6,51,true,samesize,19,green,big,gade,14,8,small,6/16/2019,16:23,9151,10390,3,2,"0
"
23,3,3,51,false,differentsizes,17,blue,big,blicket,15,18,small,6/16/2019,16:24,8748,5868,3,1,"0
"
23,4,5,45,false,samesize,2,blue,small,sprock,9,6,big,6/16/2019,16:24,8113,5024,3,1,"0
"
23,5,2,54,true,contrast,16,purple,small,dax,20,24,big,6/16/2019,16:24,9103,3664,3,4,"0
"
23,6,1,100,false,contrast,4,red,big,toma,12,23,small,6/16/2019,16:24,8338,10724,3,4,"0
"
23,7,0,100,false,attncheck,4,red,big,toma,12,23,small,6/16/2019,16:24,8338,10724,3,4,"8
"
1,1,4,25,true,differentsizes,23,blue,big,sprock,19,8,small,6/16/2019,16:28,17217,23707,3,1,"0
"
1,2,1,100,false,contrast,16,blue,big,dax,2,11,small,6/16/2019,16:28,9806,10250,3,4,"0
"
1,3,5,50,false,samesize,20,purple,small,wug,7,12,big,6/16/2019,16:29,11285,10042,3,2,"0
"
1,4,6,50,true,samesize,14,red,big,toma,3,6,small,6/16/2019,16:29,9293,7650,4,1,"0
"
1,5,2,50,true,contrast,10,blue,small,gade,5,18,big,6/16/2019,16:29,8989,6607,4,3,"0
"
1,6,3,100,false,differentsizes,13,green,big,blicket,17,24,small,6/16/2019,16:30,8517,8166,4,2,"0
"
1,7,0,100,false,attncheck,13,green,big,blicket,17,24,small,6/16/2019,16:30,8517,8166,4,2,"6
"
64,1,5,65,false,samesize,19,purple,big,wug,21,8,small,6/16/2019,15:19,17052,24277,4,2,"0
"
64,2,1,65,false,contrast,9,red,small,sprock,10,14,big,6/16/2019,15:20,17522,17740,3,4,"0
"
64,3,4,24,true,differentsizes,23,green,big,dax,13,22,small,6/16/2019,15:20,10995,18456,4,2,"0
"
64,4,6,22,true,samesize,24,purple,big,toma,3,4,small,6/16/2019,15:21,24472,10094,3,1,"0
"
64,5,3,65,false,differentsizes,17,purple,small,gade,6,18,big,6/16/2019,15:21,9537,14982,3,1,"0
"
64,6,2,21,true,contrast,12,green,small,blicket,5,1,big,6/16/2019,15:22,11043,14601,3,4,"0
"
64,7,0,21,true,attncheck,12,green,small,blicket,5,1,big,6/16/2019,15:22,11043,14601,3,4,"8
"
24,1,1,50,false,contrast,11,blue,small,blicket,4,2,big,6/16/2019,16:36,18199,15725,3,4,"0
"
24,2,5,50,false,samesize,6,red,big,dax,3,24,small,6/16/2019,16:36,13140,9527,3,1,"0
"
24,3,6,33,true,samesize,19,blue,small,gade,10,15,big,6/16/2019,16:36,11685,7115,3,1,"0
"
24,4,3,50,false,differentsizes,18,green,small,wug,1,17,big,6/16/2019,16:37,13154,5997,3,1,"0
"
24,5,2,33,true,contrast,16,red,big,sprock,23,7,small,6/16/2019,16:37,9208,5383,4,3,"0
"
24,6,4,33,true,differentsizes,8,green,small,toma,21,5,big,6/16/2019,16:37,12562,4433,3,2,"0
"
24,7,0,33,true,attncheck,8,green,small,toma,21,5,big,6/16/2019,16:37,12562,4433,3,2,"7
"
46,1,3,50,false,differentsizes,15,purple,big,toma,1,10,small,6/16/2019,16:22,12433,10756,3,2,"0
"
46,2,1,50,false,contrast,4,purple,small,sprock,17,13,big,6/16/2019,16:23,10362,9184,3,4,"0
"
46,3,4,50,true,differentsizes,23,red,small,blicket,8,7,big,6/16/2019,16:23,11602,7298,3,1,"0
"
46,4,2,50,true,contrast,5,purple,small,gade,9,19,big,6/16/2019,16:23,9255,5679,4,3,"0
"
46,5,6,50,true,samesize,3,purple,small,wug,24,20,big,6/16/2019,16:23,10178,6223,4,2,"0
"
46,6,5,50,false,samesize,16,green,small,dax,2,21,big,6/16/2019,16:24,8262,4758,4,2,"0
"
46,7,0,50,false,attncheck,16,green,small,dax,2,21,big,6/16/2019,16:24,8262,4758,4,2,"5
"
33,1,3,51,false,differentsizes,23,purple,small,blicket,20,9,big,6/16/2019,23:25,40315,12638,4,1,"0
"
33,2,2,5,true,contrast,1,blue,big,gade,3,18,small,6/16/2019,23:26,89491,8572,3,4,"0
"
33,3,1,13,false,contrast,4,purple,small,sprock,14,15,big,6/16/2019,23:27,23084,5441,3,4,"0
"
33,4,4,9,true,differentsizes,24,green,big,wug,10,16,small,6/16/2019,23:27,8594,3651,3,1,"0
"
33,5,6,3,true,samesize,11,purple,big,dax,19,12,small,6/16/2019,23:27,8227,3512,3,1,"0
"
33,6,5,10,false,samesize,2,purple,small,toma,17,7,big,6/16/2019,23:28,10458,3194,4,2,"0
"
33,7,0,10,false,attncheck,2,purple,small,toma,17,7,big,6/16/2019,23:28,10458,3194,4,2,"4
"
50,1,1,100,false,contrast,21,purple,small,gade,24,19,big,6/16/2019,16:21,29949,32599,4,3,"0
"
50,2,3,50,false,differentsizes,5,blue,big,dax,1,8,small,6/16/2019,16:22,14668,12579,3,1,"0
"
50,3,6,30,true,samesize,17,blue,big,sprock,12,4,small,6/16/2019,16:22,10081,20043,4,1,"0
"
50,4,4,75,true,differentsizes,3,purple,small,wug,20,16,big,6/16/2019,16:23,12827,21746,4,2,"0
"
50,5,2,80,true,contrast,13,red,small,blicket,11,6,big,6/16/2019,16:23,8383,13395,4,3,"0
"
50,6,5,25,false,samesize,22,purple,big,toma,7,14,small,6/16/2019,16:23,8499,5631,3,2,"0
"
50,7,0,25,false,attncheck,22,purple,big,toma,7,14,small,6/16/2019,16:23,8499,5631,3,2,"7
"
74,1,4,15,true,differentsizes,7,blue,small,wug,2,5,big,6/16/2019,13:32,25608,15965,3,2,"0
"
74,2,3,40,false,differentsizes,3,purple,big,gade,22,11,small,6/16/2019,13:32,12926,8519,3,1,"0
"
74,3,1,30,false,contrast,4,green,big,dax,17,18,small,6/16/2019,13:33,12723,10046,3,4,"0
"
74,4,5,50,false,samesize,8,red,big,sprock,1,23,small,6/16/2019,13:33,9997,4987,3,2,"0
"
74,5,6,25,true,samesize,6,red,big,toma,9,15,small,6/16/2019,13:33,9481,8106,3,1,"0
"
74,6,2,40,true,contrast,21,purple,big,blicket,13,10,small,6/16/2019,13:33,7604,5219,3,4,"0
"
74,7,0,40,true,attncheck,21,purple,big,blicket,13,10,small,6/16/2019,13:33,7604,5219,3,4,"6
"
42,1,6,50,true,samesize,19,purple,small,gade,10,14,big,6/16/2019,16:22,12462,8655,4,1,"0
"
42,2,5,68,false,samesize,11,green,small,blicket,7,3,big,6/16/2019,16:23,11652,4696,3,2,"0
"
42,3,1,86,false,contrast,5,blue,small,wug,8,21,big,6/16/2019,16:23,10446,7088,3,4,"0
"
42,4,2,35,true,contrast,13,green,big,toma,16,18,small,6/16/2019,16:23,9332,8072,3,4,"0
"
42,5,4,24,true,differentsizes,17,blue,small,dax,24,9,big,6/16/2019,16:24,11197,6839,3,2,"0
"
42,6,3,73,false,differentsizes,6,green,big,sprock,4,15,small,6/16/2019,16:24,8825,6546,4,2,"0
"
42,7,0,73,false,attncheck,6,green,big,sprock,4,15,small,6/16/2019,16:24,8825,6546,4,2,"6
"
90,1,1,29,false,contrast,9,purple,big,sprock,8,4,small,6/16/2019,15:25,18605,8550,3,4,"0
"
90,2,2,24,true,contrast,22,red,small,toma,21,17,big,6/16/2019,15:26,10718,9246,4,3,"0
"
90,3,5,21,false,samesize,1,blue,small,dax,15,7,big,6/16/2019,15:26,9416,4682,3,1,"0
"
90,4,4,14,true,differentsizes,10,green,small,blicket,20,6,big,6/16/2019,15:26,8626,2417,4,1,"0
"
90,5,6,17,true,samesize,13,red,small,gade,24,3,big,6/16/2019,15:26,7506,4631,4,2,"0
"
90,6,3,9,false,differentsizes,16,purple,small,wug,23,19,big,6/16/2019,15:26,8274,3967,3,2,"0
"
90,7,0,9,false,attncheck,16,purple,small,wug,23,19,big,6/16/2019,15:26,8274,3967,3,2,"8
"
104,1,5,66,false,samesize,2,blue,small,gade,9,20,big,6/16/2019,14:41,30109,21089,4,2,"0
"
104,2,3,50,false,differentsizes,8,red,small,sprock,11,13,big,6/16/2019,14:42,12687,6954,3,1,"0
"
104,3,1,63,false,contrast,1,green,small,wug,22,15,big,6/16/2019,14:42,12638,5722,4,3,"0
"
104,4,2,71,true,contrast,21,green,small,blicket,5,10,big,6/16/2019,14:42,11233,10496,4,3,"0
"
104,5,4,67,true,differentsizes,19,blue,small,toma,6,4,big,6/16/2019,14:43,12722,4008,3,2,"0
"
104,6,6,65,true,samesize,18,purple,small,dax,14,17,big,6/16/2019,14:43,11983,4010,4,1,"0
"
104,7,0,65,true,attncheck,18,purple,small,dax,14,17,big,6/16/2019,14:43,11983,4010,4,1,"6
"
48,1,1,65,false,contrast,17,red,big,dax,7,15,small,6/16/2019,13:24,12393,15401,3,4,"0
"
48,2,5,39,false,samesize,23,red,big,blicket,5,24,small,6/16/2019,13:24,8342,4831,3,1,"0
"
48,3,4,53,true,differentsizes,20,green,small,toma,18,13,big,6/16/2019,13:25,20284,4097,4,2,"0
"
48,4,3,81,false,differentsizes,22,red,small,wug,2,9,big,6/16/2019,13:25,6840,3071,4,1,"0
"
48,5,2,30,true,contrast,4,green,big,sprock,6,12,small,6/16/2019,13:25,9479,9675,3,4,"0
"
48,6,6,29,true,samesize,21,red,small,gade,3,19,big,6/16/2019,13:26,23938,32975,3,1,"0
"
48,7,0,29,true,attncheck,21,red,small,gade,3,19,big,6/16/2019,13:26,23938,32975,3,1,"8
"
20,1,5,65,false,samesize,5,red,big,toma,2,15,small,6/16/2019,16:22,12858,11597,3,1,"0
"
20,2,3,25,false,differentsizes,16,blue,small,dax,4,1,big,6/16/2019,16:23,14466,6284,3,2,"0
"
20,3,6,52,true,samesize,7,red,big,gade,24,12,small,6/16/2019,16:23,11594,5889,3,1,"0
"
20,4,1,25,false,contrast,19,red,small,wug,6,11,big,6/16/2019,16:23,10425,3433,3,4,"0
"
20,5,4,46,true,differentsizes,23,green,big,sprock,9,21,small,6/16/2019,16:23,14363,3228,4,1,"0
"
20,6,2,50,true,contrast,17,green,small,blicket,8,22,big,6/16/2019,16:24,7898,6102,3,4,"0
"
20,7,0,50,true,attncheck,17,green,small,blicket,8,22,big,6/16/2019,16:24,7898,6102,3,4,"8
"
106,1,6,41,true,samesize,9,blue,big,wug,13,4,small,6/16/2019,16:25,13018,8126,4,1,"0
"
106,2,2,70,true,contrast,3,purple,small,blicket,19,24,big,6/16/2019,16:25,10661,6271,3,4,"0
"
106,3,4,80,true,differentsizes,21,purple,small,dax,16,22,big,6/16/2019,16:25,8622,6982,4,1,"0
"
106,4,1,25,false,contrast,10,green,big,gade,17,23,small,6/16/2019,16:25,8958,7246,3,4,"0
"
106,5,3,20,false,differentsizes,20,blue,small,toma,11,8,big,6/16/2019,16:26,10558,4567,4,1,"0
"
106,6,5,33,false,samesize,1,blue,big,sprock,12,7,small,6/16/2019,16:26,6902,3464,3,1,"0
"
106,7,0,33,false,attncheck,1,blue,big,sprock,12,7,small,6/16/2019,16:26,6902,3464,3,1,"5
"
16,1,6,76,true,samesize,5,blue,small,sprock,17,11,big,6/16/2019,13:29,17657,17601,3,1,"0
"
16,2,2,67,true,contrast,9,purple,small,wug,6,15,big,6/16/2019,13:29,10285,8092,3,4,"0
"
16,3,5,80,false,samesize,10,green,small,dax,4,8,big,6/16/2019,13:30,11725,6354,3,2,"0
"
16,4,3,80,false,differentsizes,1,red,small,toma,12,13,big,6/16/2019,13:30,11285,2616,4,1,"0
"
16,5,4,82,true,differentsizes,7,green,big,gade,21,16,small,6/16/2019,13:30,7362,2381,3,2,"0
"
16,6,1,85,false,contrast,2,blue,big,blicket,20,22,small,6/16/2019,13:30,7141,4583,3,4,"0
"
16,7,0,85,false,attncheck,2,blue,big,blicket,20,22,small,6/16/2019,13:30,7141,4583,3,4,"4
"
68,1,3,65,false,differentsizes,12,red,big,wug,11,22,small,6/16/2019,16:47,20028,11200,4,2,"0
"
68,2,4,17,true,differentsizes,20,blue,big,toma,21,4,small,6/16/2019,16:48,18285,5873,4,1,"0
"
68,3,5,48,false,samesize,9,purple,big,dax,24,8,small,6/16/2019,16:48,9049,3496,3,1,"0
"
68,4,2,19,true,contrast,13,green,big,gade,2,16,small,6/16/2019,16:48,19555,6106,4,3,"0
"
68,5,6,22,true,samesize,14,blue,big,sprock,5,10,small,6/16/2019,16:49,14704,4048,3,1,"0
"
68,6,1,48,false,contrast,19,green,big,blicket,7,15,small,6/16/2019,16:49,11450,1856,4,3,"0
"
68,7,0,48,false,attncheck,19,green,big,blicket,7,15,small,6/16/2019,16:49,11450,1856,4,3,"7
"
51,1,4,25,true,differentsizes,3,purple,small,toma,8,17,big,6/16/2019,16:20,10497,6206,4,1,"0
"
51,2,6,35,true,samesize,18,purple,big,wug,2,1,small,6/16/2019,16:20,9044,2663,3,2,"0
"
51,3,1,83,false,contrast,24,purple,big,sprock,4,14,small,6/16/2019,16:20,7893,3024,3,4,"0
"
51,4,3,72,false,differentsizes,10,red,big,blicket,20,16,small,6/16/2019,16:20,8031,2273,3,2,"0
"
51,5,2,15,true,contrast,13,red,small,dax,15,12,big,6/16/2019,16:21,6765,1530,3,4,"0
"
51,6,5,51,false,samesize,9,purple,small,gade,7,19,big,6/16/2019,16:21,7244,1480,3,1,"0
"
51,7,0,51,false,attncheck,9,purple,small,gade,7,19,big,6/16/2019,16:21,7244,1480,3,1,"7
"
30,1,4,70,true,differentsizes,11,blue,small,wug,6,18,big,6/16/2019,16:18,13570,12829,3,1,"0
"
30,2,1,87,false,contrast,4,purple,small,sprock,13,12,big,6/16/2019,16:18,8200,3487,3,4,"0
"
30,3,3,30,false,differentsizes,15,red,small,dax,2,17,big,6/16/2019,16:18,7250,4324,3,2,"0
"
30,4,6,51,true,samesize,14,red,big,toma,19,10,small,6/16/2019,16:19,7592,3613,3,2,"0
"
30,5,5,30,false,samesize,9,green,big,blicket,20,8,small,6/16/2019,16:19,7236,2503,3,1,"0
"
30,6,2,78,true,contrast,24,green,big,gade,3,7,small,6/16/2019,16:19,8211,2956,3,4,"0
"
30,7,0,78,true,attncheck,24,green,big,gade,3,7,small,6/16/2019,16:19,8211,2956,3,4,"6
"
44,1,4,50,true,differentsizes,23,red,big,dax,21,4,small,6/16/2019,15:20,13903,13046,4,2,"0
"
44,2,5,81,false,samesize,9,blue,big,toma,8,7,small,6/16/2019,15:20,10717,2580,4,2,"0
"
44,3,6,39,true,samesize,5,red,big,sprock,6,11,small,6/16/2019,15:20,10580,4551,4,1,"0
"
44,4,1,62,false,contrast,14,blue,big,wug,2,13,small,6/16/2019,15:20,11391,3621,3,4,"0
"
44,5,3,66,false,differentsizes,3,purple,small,gade,24,17,big,6/16/2019,15:21,11663,2584,4,2,"0
"
44,6,2,31,true,contrast,20,red,small,blicket,1,22,big,6/16/2019,15:21,7694,4849,4,3,"0
"
44,7,0,31,true,attncheck,20,red,small,blicket,1,22,big,6/16/2019,15:21,7694,4849,4,3,"7
"
63,1,2,22,true,contrast,6,red,big,blicket,19,1,small,6/16/2019,13:26,11458,10624,4,3,"0
"
63,2,1,80,false,contrast,23,blue,big,gade,3,20,small,6/16/2019,13:26,12312,6168,3,4,"0
"
63,3,3,80,false,differentsizes,22,blue,small,dax,15,4,big,6/16/2019,13:27,13182,5246,3,1,"0
"
63,4,5,75,false,samesize,7,blue,small,sprock,2,8,big,6/16/2019,13:27,10381,7161,4,2,"0
"
63,5,6,20,true,samesize,16,purple,big,wug,21,11,small,6/16/2019,13:27,10658,7546,3,1,"0
"
63,6,4,20,true,differentsizes,17,purple,big,toma,24,18,small,6/16/2019,13:28,8947,7861,4,2,"0
"
63,7,0,20,true,attncheck,17,purple,big,toma,24,18,small,6/16/2019,13:28,8947,7861,4,2,"8
"
41,1,1,50,false,contrast,14,purple,small,sprock,18,12,big,6/16/2019,15:22,19336,9186,3,4,"0
"
41,2,6,51,true,samesize,16,red,small,dax,19,20,big,6/16/2019,15:22,11785,3647,4,1,"0
"
41,3,4,68,true,differentsizes,2,blue,big,wug,7,22,small,6/16/2019,15:22,11964,6017,4,1,"0
"
41,4,3,45,false,differentsizes,8,green,small,gade,10,23,big,6/16/2019,15:23,9755,3000,4,2,"0
"
41,5,2,49,true,contrast,5,blue,big,toma,3,15,small,6/16/2019,15:23,9725,3475,3,4,"0
"
41,6,5,49,false,samesize,24,blue,small,blicket,6,9,big,6/16/2019,15:23,11838,2827,3,2,"0
"
41,7,0,49,false,attncheck,24,blue,small,blicket,6,9,big,6/16/2019,15:23,11838,2827,3,2,"8
"
21,1,2,50,true,contrast,13,purple,small,blicket,8,6,big,6/16/2019,21:20,8991,56046,3,4,"0
"
21,2,4,100,true,differentsizes,24,green,small,sprock,15,19,big,6/16/2019,21:20,9376,3554,4,2,"0
"
21,3,6,25,true,samesize,2,blue,small,wug,18,1,big,6/16/2019,21:21,29190,3463,3,1,"0
"
21,4,5,30,false,samesize,4,green,big,dax,22,9,small,6/16/2019,21:21,9118,3442,3,2,"0
"
21,5,1,50,false,contrast,5,green,big,toma,14,16,small,6/16/2019,21:21,7004,2572,3,4,"0
"
21,6,3,50,false,differentsizes,17,red,small,gade,12,23,big,6/16/2019,21:21,8325,3832,4,2,"0
"
21,7,0,50,false,attncheck,17,red,small,gade,12,23,big,6/16/2019,21:21,8325,3832,4,2,"7
"
12,1,6,30,true,samesize,16,purple,big,sprock,18,2,small,6/16/2019,13:42,15767,15439,3,2,"0
"
12,2,2,30,true,contrast,15,blue,big,gade,12,4,small,6/16/2019,13:43,13263,15178,3,4,"0
"
12,3,3,90,false,differentsizes,3,green,small,wug,7,19,big,6/16/2019,13:43,13945,12824,4,2,"0
"
12,4,1,90,false,contrast,5,red,small,dax,13,8,big,6/16/2019,13:43,11983,10176,4,3,"0
"
12,5,4,10,true,differentsizes,9,blue,big,toma,6,21,small,6/16/2019,13:44,12233,7608,4,2,"0
"
12,6,5,90,false,samesize,23,blue,small,blicket,10,17,big,6/16/2019,13:44,11769,9543,3,2,"0
"
12,7,0,90,false,attncheck,23,blue,small,blicket,10,17,big,6/16/2019,13:44,11769,9543,3,2,"6
"
47,1,4,50,true,differentsizes,8,red,small,sprock,17,1,big,6/16/2019,16:24,11528,9078,4,2,"0
"
47,2,3,80,false,differentsizes,2,red,small,wug,23,6,big,6/16/2019,16:24,10539,6355,3,2,"0
"
47,3,5,50,false,samesize,14,purple,big,gade,24,21,small,6/16/2019,16:24,7981,5641,3,2,"0
"
47,4,2,50,true,contrast,11,purple,small,blicket,13,19,big,6/16/2019,16:25,9159,7206,3,4,"0
"
47,5,1,80,false,contrast,18,blue,small,toma,4,15,big,6/16/2019,16:25,7290,7638,4,3,"0
"
47,6,6,50,true,samesize,10,purple,small,dax,9,22,big,6/16/2019,16:25,9771,6021,4,2,"0
"
47,7,0,50,true,attncheck,10,purple,small,dax,9,22,big,6/16/2019,16:25,9771,6021,4,2,"5
"
120,1,6,20,true,samesize,15,purple,small,gade,17,6,big,6/16/2019,16:18,13364,10965,3,1,"0
"
120,2,5,80,false,samesize,10,purple,small,wug,8,2,big,6/16/2019,16:18,12377,7553,3,1,"0
"
120,3,4,20,true,differentsizes,11,purple,big,dax,4,18,small,6/16/2019,16:18,8506,4630,4,1,"0
"
120,4,2,20,true,contrast,13,purple,small,sprock,20,12,big,6/16/2019,16:19,8516,4572,4,3,"0
"
120,5,1,80,false,contrast,3,purple,small,blicket,7,1,big,6/16/2019,16:19,8399,4122,4,3,"0
"
120,6,3,80,false,differentsizes,16,red,small,toma,14,19,big,6/16/2019,16:19,7640,4765,3,2,"0
"
120,7,0,80,false,attncheck,16,red,small,toma,14,19,big,6/16/2019,16:19,7640,4765,3,2,"6
"
69,1,2,62,true,contrast,8,red,big,gade,4,3,small,6/16/2019,16:23,13936,11984,4,3,"0
"
69,2,4,3,true,differentsizes,15,purple,small,wug,17,10,big,6/16/2019,16:23,11679,5189,3,2,"0
"
69,3,1,60,false,contrast,16,green,small,toma,2,6,big,6/16/2019,16:23,11028,6289,3,4,"0
"
69,4,6,77,true,samesize,12,purple,big,sprock,18,21,small,6/16/2019,16:23,9022,4643,4,1,"0
"
69,5,5,30,false,samesize,7,blue,small,blicket,13,19,big,6/16/2019,16:24,8710,4437,3,2,"0
"
69,6,3,30,false,differentsizes,24,green,small,dax,9,20,big,6/16/2019,16:24,7520,7897,4,1,"0
"
69,7,0,30,false,attncheck,24,green,small,dax,9,20,big,6/16/2019,16:24,7520,7897,4,1,"6
"
26,1,6,28,true,samesize,14,blue,big,blicket,20,11,small,6/16/2019,16:25,17595,27034,3,1,"0
"
26,2,1,4,false,contrast,8,blue,small,dax,12,21,big,6/16/2019,16:25,16035,17579,3,4,"0
"
26,3,2,70,true,contrast,4,blue,small,toma,9,19,big,6/16/2019,16:26,12008,19542,4,3,"0
"
26,4,4,92,true,differentsizes,10,red,small,sprock,15,1,big,6/16/2019,16:26,13138,12080,4,2,"0
"
26,5,5,7,false,samesize,13,red,big,gade,16,5,small,6/16/2019,16:27,13153,10868,4,1,"0
"
26,6,3,45,false,differentsizes,18,green,small,wug,17,6,big,6/16/2019,16:27,9417,12141,4,1,"0
"
26,7,0,45,false,attncheck,18,green,small,wug,17,6,big,6/16/2019,16:27,9417,12141,4,1,"6
"
61,1,6,52,true,samesize,15,blue,small,toma,8,7,big,6/16/2019,16:19,12482,11885,3,1,"0
"
61,2,5,72,false,samesize,5,red,big,dax,12,20,small,6/16/2019,16:20,10040,6181,4,1,"0
"
61,3,1,52,false,contrast,14,green,small,sprock,6,24,big,6/16/2019,16:20,9562,2617,4,3,"0
"
61,4,2,64,true,contrast,17,green,small,gade,4,23,big,6/16/2019,16:20,7773,6265,4,3,"0
"
61,5,4,60,true,differentsizes,10,purple,big,blicket,18,13,small,6/16/2019,16:20,8469,2457,3,1,"0
"
61,6,3,36,false,differentsizes,22,green,big,wug,21,9,small,6/16/2019,16:21,7350,2273,4,1,"0
"
61,7,0,36,false,attncheck,22,green,big,wug,21,9,small,6/16/2019,16:21,7350,2273,4,1,"6
"
96,1,5,25,false,samesize,20,green,big,blicket,2,13,small,6/16/2019,16:31,13365,17642,3,2,"0
"
96,2,4,50,true,differentsizes,11,red,small,dax,5,10,big,6/16/2019,16:31,11345,8495,4,1,"0
"
96,3,2,50,true,contrast,4,blue,small,gade,17,6,big,6/16/2019,16:31,8406,5121,4,3,"0
"
96,4,1,75,false,contrast,24,red,small,sprock,16,23,big,6/16/2019,16:32,8329,9664,4,3,"0
"
96,5,6,50,true,samesize,1,blue,small,toma,22,9,big,6/16/2019,16:32,8476,3207,4,1,"0
"
96,6,3,75,false,differentsizes,3,purple,small,wug,14,18,big,6/16/2019,16:32,8612,5514,4,2,"0
"
96,7,0,75,false,attncheck,3,purple,small,wug,14,18,big,6/16/2019,16:32,8612,5514,4,2,"8
"
108,1,6,90,true,samesize,13,purple,small,blicket,10,6,big,6/16/2019,15:28,17355,19052,3,2,"0
"
108,2,4,40,true,differentsizes,16,red,big,sprock,3,23,small,6/16/2019,15:28,13216,7254,4,1,"0
"
108,3,3,45,false,differentsizes,18,blue,big,wug,1,11,small,6/16/2019,15:29,21682,6373,3,1,"0
"
108,4,5,70,false,samesize,9,red,big,dax,14,12,small,6/16/2019,15:29,12482,4907,3,2,"0
"
108,5,2,50,true,contrast,20,red,big,toma,24,2,small,6/16/2019,15:29,9311,3239,3,4,"0
"
108,6,1,80,false,contrast,21,purple,small,gade,4,8,big,6/16/2019,15:30,17866,5735,4,3,"0
"
108,7,0,80,false,attncheck,21,purple,small,gade,4,8,big,6/16/2019,15:30,17866,5735,4,3,"7
"
79,1,4,52,true,differentsizes,15,blue,big,sprock,22,7,small,6/16/2019,16:25,11046,8975,3,1,"0
"
79,2,1,25,false,contrast,4,green,big,toma,5,11,small,6/16/2019,16:25,12689,2882,4,3,"0
"
79,3,2,35,true,contrast,14,red,small,dax,9,1,big,6/16/2019,16:26,13754,3682,4,3,"0
"
79,4,3,28,false,differentsizes,20,purple,big,gade,12,23,small,6/16/2019,16:26,12879,3352,4,2,"0
"
79,5,5,37,false,samesize,8,green,big,blicket,17,18,small,6/16/2019,16:26,23744,3044,4,2,"0
"
79,6,6,32,true,samesize,6,blue,big,wug,24,21,small,6/16/2019,16:27,13648,4359,4,1,"0
"
79,7,0,32,true,attncheck,6,blue,big,wug,24,21,small,6/16/2019,16:27,13648,4359,4,1,"5
"
62,1,5,87,false,samesize,2,purple,small,sprock,17,11,big,6/16/2019,13:48,9738,13987,3,1,"0
"
62,2,4,81,true,differentsizes,12,green,small,blicket,10,19,big,6/16/2019,13:48,8361,4203,3,1,"0
"
62,3,3,50,false,differentsizes,4,blue,big,wug,5,1,small,6/16/2019,13:48,6954,5262,4,2,"0
"
62,4,6,85,true,samesize,14,red,small,dax,20,7,big,6/16/2019,13:48,7412,3220,4,1,"0
"
62,5,1,87,false,contrast,15,blue,small,toma,9,24,big,6/16/2019,13:48,6826,2901,3,4,"0
"
62,6,2,30,true,contrast,8,green,small,gade,6,18,big,6/16/2019,13:49,6996,1844,4,3,"0
"
62,7,0,30,true,attncheck,8,green,small,gade,6,18,big,6/16/2019,13:49,6996,1844,4,3,"8
"
87,1,1,80,false,contrast,5,green,small,toma,12,14,big,6/16/2019,14:18,13402,14246,3,4,"0
"
87,2,2,50,true,contrast,19,purple,big,gade,20,2,small,6/16/2019,14:19,9142,6261,3,4,"0
"
87,3,6,50,true,samesize,9,green,big,sprock,15,16,small,6/16/2019,14:19,8795,8041,4,1,"0
"
87,4,4,50,true,differentsizes,1,red,small,dax,17,22,big,6/16/2019,14:19,7454,5858,4,2,"0
"
87,5,3,80,false,differentsizes,23,green,big,blicket,8,7,small,6/16/2019,14:19,7769,5989,4,1,"0
"
87,6,5,80,false,samesize,3,green,big,wug,4,18,small,6/16/2019,14:20,8373,6623,4,2,"0
"
87,7,0,80,false,attncheck,3,green,big,wug,4,18,small,6/16/2019,14:20,8373,6623,4,2,"5
"
36,1,4,52,true,differentsizes,18,purple,small,wug,21,8,big,6/16/2019,16:49,10705,16416,4,1,"0
"
36,2,6,45,true,samesize,20,green,big,dax,3,16,small,6/16/2019,16:50,8426,9712,3,2,"0
"
36,3,5,100,false,samesize,24,green,small,gade,9,6,big,6/16/2019,16:50,10271,4314,4,2,"0
"
36,4,3,52,false,differentsizes,19,blue,small,toma,15,14,big,6/16/2019,16:50,12840,14521,3,2,"0
"
36,5,2,51,true,contrast,5,blue,small,sprock,12,11,big,6/16/2019,16:51,7777,5455,4,3,"0
"
36,6,1,50,false,contrast,2,green,big,blicket,13,17,small,6/16/2019,16:51,28474,7689,4,3,"0
"
36,7,0,50,false,attncheck,2,green,big,blicket,13,17,small,6/16/2019,16:51,28474,7689,4,3,"8
"
28,1,4,81,true,differentsizes,13,red,small,gade,6,1,big,6/16/2019,16:30,10715,7750,3,1,"0
"
28,2,6,50,true,samesize,10,blue,big,wug,12,21,small,6/16/2019,16:30,9802,3344,4,2,"0
"
28,3,5,84,false,samesize,7,blue,big,dax,17,2,small,6/16/2019,16:30,8321,2456,4,1,"0
"
28,4,3,87,false,differentsizes,5,blue,big,sprock,23,4,small,6/16/2019,16:31,8225,2683,4,2,"0
"
28,5,1,73,false,contrast,16,purple,big,toma,8,22,small,6/16/2019,16:31,7464,2797,4,3,"0
"
28,6,2,43,true,contrast,15,purple,big,blicket,20,9,small,6/16/2019,16:31,7104,3747,3,4,"0
"
28,7,0,43,true,attncheck,15,purple,big,blicket,20,9,small,6/16/2019,16:31,7104,3747,3,4,"6
"
83,1,5,50,false,samesize,6,green,small,sprock,8,24,big,6/16/2019,16:31,11987,17294,3,1,"0
"
83,2,3,50,false,differentsizes,10,red,big,dax,16,18,small,6/16/2019,16:31,10108,8103,4,2,"0
"
83,3,1,50,false,contrast,12,purple,small,blicket,11,23,big,6/16/2019,16:32,10212,7279,4,3,"0
"
83,4,4,50,true,differentsizes,22,green,small,toma,17,14,big,6/16/2019,16:32,10207,8955,3,2,"0
"
83,5,6,30,true,samesize,7,purple,small,gade,3,9,big,6/16/2019,16:32,13084,9213,4,1,"0
"
83,6,2,50,true,contrast,2,blue,small,wug,1,4,big,6/16/2019,16:33,10105,7854,3,4,"0
"
83,7,0,50,true,attncheck,2,blue,small,wug,1,4,big,6/16/2019,16:33,10105,7854,3,4,"8
"
56,1,6,54,true,samesize,20,red,big,sprock,13,5,small,6/16/2019,14:35,20739,21832,3,2,"0
"
56,2,1,61,false,contrast,17,blue,big,toma,18,6,small,6/16/2019,14:36,12956,17726,4,3,"0
"
56,3,2,26,true,contrast,1,purple,small,gade,12,10,big,6/16/2019,14:36,18525,15470,4,3,"0
"
56,4,4,73,true,differentsizes,21,green,big,wug,24,19,small,6/16/2019,14:37,11582,11030,4,2,"0
"
56,5,3,46,false,differentsizes,16,green,small,dax,3,23,big,6/16/2019,14:37,9620,9068,4,2,"0
"
56,6,5,50,false,samesize,22,purple,big,blicket,9,2,small,6/16/2019,14:37,9903,14631,4,1,"0
"
56,7,0,50,false,attncheck,22,purple,big,blicket,9,2,small,6/16/2019,14:37,9903,14631,4,1,"8
"
7,1,4,50,true,differentsizes,20,green,small,sprock,9,19,big,6/16/2019,16:24,12845,8714,4,1,"0
"
7,2,2,50,true,contrast,4,red,big,wug,10,18,small,6/16/2019,16:24,13696,4146,3,4,"0
"
7,3,5,67,false,samesize,8,purple,big,blicket,14,21,small,6/16/2019,16:25,18923,4288,3,1,"0
"
7,4,6,50,true,samesize,2,blue,small,gade,24,17,big,6/16/2019,16:25,11229,3922,4,1,"0
"
7,5,3,77,false,differentsizes,13,purple,big,toma,6,23,small,6/16/2019,16:25,7332,4897,3,1,"0
"
7,6,1,90,false,contrast,22,red,small,dax,5,1,big,6/16/2019,16:26,7389,5005,3,4,"0
"
7,7,0,90,false,attncheck,22,red,small,dax,5,1,big,6/16/2019,16:26,7389,5005,3,4,"7
"
40,1,1,50,false,contrast,3,purple,big,blicket,20,23,small,6/16/2019,14:19,11813,16843,3,4,"0
"
40,2,3,50,false,differentsizes,19,green,big,gade,8,4,small,6/16/2019,14:19,13021,8723,3,1,"0
"
40,3,4,20,true,differentsizes,2,green,big,toma,5,15,small,6/16/2019,14:20,10899,9840,4,1,"0
"
40,4,2,20,true,contrast,14,green,small,dax,11,6,big,6/16/2019,14:20,11151,8328,3,4,"0
"
40,5,6,25,true,samesize,24,purple,small,sprock,21,18,big,6/16/2019,14:20,10987,6292,4,1,"0
"
40,6,5,60,false,samesize,16,blue,big,wug,13,9,small,6/16/2019,14:21,10475,6171,4,1,"0
"
40,7,0,60,false,attncheck,16,blue,big,wug,13,9,small,6/16/2019,14:21,10475,6171,4,1,"8
"
67,1,4,55,true,differentsizes,12,green,small,gade,20,22,big,6/16/2019,15:24,8619,11471,3,2,"0
"
67,2,1,51,false,contrast,14,red,small,dax,21,17,big,6/16/2019,15:24,7363,2282,3,4,"0
"
67,3,5,20,false,samesize,10,red,big,toma,9,19,small,6/16/2019,15:24,7579,2325,3,2,"0
"
67,4,3,43,false,differentsizes,18,green,small,blicket,6,1,big,6/16/2019,15:25,7312,5812,3,1,"0
"
67,5,6,37,true,samesize,3,red,small,wug,5,13,big,6/16/2019,15:25,8279,3323,3,1,"0
"
67,6,2,54,true,contrast,23,blue,small,sprock,16,15,big,6/16/2019,15:25,23502,2397,4,3,"0
"
67,7,0,54,true,attncheck,23,blue,small,sprock,16,15,big,6/16/2019,15:25,23502,2397,4,3,"6
"
82,1,3,70,false,differentsizes,18,purple,big,toma,16,8,small,6/16/2019,16:25,12471,15450,3,1,"0
"
82,2,2,35,true,contrast,14,red,small,gade,23,11,big,6/16/2019,16:25,10659,10132,4,3,"0
"
82,3,1,43,false,contrast,7,purple,small,wug,5,9,big,6/16/2019,16:25,8702,6070,4,3,"0
"
82,4,6,26,true,samesize,12,purple,small,sprock,4,1,big,6/16/2019,16:26,8240,4087,4,1,"0
"
82,5,4,22,true,differentsizes,2,red,small,blicket,22,6,big,6/16/2019,16:26,7997,3850,4,1,"0
"
82,6,5,71,false,samesize,3,green,big,dax,24,13,small,6/16/2019,16:26,8501,3363,3,1,"0
"
82,7,0,71,false,attncheck,3,green,big,dax,24,13,small,6/16/2019,16:26,8501,3363,3,1,"8
"
32,1,4,18,true,differentsizes,19,green,small,blicket,13,9,big,6/16/2019,13:25,16862,17143,3,2,"0
"
32,2,6,44,true,samesize,14,purple,big,toma,17,6,small,6/16/2019,13:25,13471,21807,4,2,"0
"
32,3,2,27,true,contrast,5,red,big,sprock,23,21,small,6/16/2019,13:26,14814,9090,4,3,"0
"
32,4,3,73,false,differentsizes,24,purple,small,gade,18,12,big,6/16/2019,13:26,9400,8445,4,1,"0
"
32,5,1,79,false,contrast,15,green,big,dax,4,10,small,6/16/2019,13:26,7853,9394,4,3,"0
"
32,6,5,76,false,samesize,1,blue,big,wug,20,8,small,6/16/2019,13:27,8346,8978,3,1,"0
"
32,7,0,76,false,attncheck,1,blue,big,wug,20,8,small,6/16/2019,13:27,8346,8978,3,1,"6
"
112,1,1,51,false,contrast,3,purple,small,blicket,13,18,big,6/16/2019,16:32,21540,13601,4,3,"0
"
112,2,5,51,false,samesize,6,blue,small,dax,5,8,big,6/16/2019,16:33,10359,3160,3,1,"0
"
112,3,2,88,true,contrast,15,blue,big,gade,21,11,small,6/16/2019,16:33,10066,3269,3,4,"0
"
112,4,4,79,true,differentsizes,4,green,big,wug,7,20,small,6/16/2019,16:33,15812,2901,4,2,"0
"
112,5,3,73,false,differentsizes,23,blue,big,sprock,14,9,small,6/16/2019,16:33,9921,2398,3,1,"0
"
112,6,6,81,true,samesize,24,green,big,toma,10,17,small,6/16/2019,16:34,9132,1888,4,2,"0
"
112,7,0,81,true,attncheck,24,green,big,toma,10,17,small,6/16/2019,16:34,9132,1888,4,2,"6
"
54,1,5,60,false,samesize,24,green,small,blicket,1,20,big,6/16/2019,13:21,15359,19073,4,2,"0
"
54,2,1,50,false,contrast,2,purple,small,toma,5,22,big,6/16/2019,13:22,8116,6700,3,4,"0
"
54,3,6,50,true,samesize,19,green,small,dax,14,15,big,6/16/2019,13:22,7882,10243,3,1,"0
"
54,4,3,60,false,differentsizes,13,blue,small,sprock,10,3,big,6/16/2019,13:22,7193,6196,3,1,"0
"
54,5,4,75,true,differentsizes,21,red,small,gade,4,11,big,6/16/2019,13:23,9284,8836,3,2,"0
"
54,6,2,60,true,contrast,6,green,big,wug,9,7,small,6/16/2019,13:23,7228,8403,4,3,"0
"
54,7,0,60,true,attncheck,6,green,big,wug,9,7,small,6/16/2019,13:23,7228,8403,4,3,"8
"
3,1,1,26,false,contrast,17,red,big,dax,22,21,small,6/16/2019,13:28,28326,29119,4,3,"0
"
3,2,3,33,false,differentsizes,24,green,big,toma,15,10,small,6/16/2019,13:29,19741,10727,4,2,"0
"
3,3,6,25,true,samesize,11,purple,small,gade,18,13,big,6/16/2019,13:30,17722,11134,4,1,"0
"
3,4,5,40,false,samesize,9,purple,small,wug,12,6,big,6/16/2019,13:30,11112,8432,4,2,"0
"
3,5,2,50,true,contrast,3,purple,small,sprock,20,19,big,6/16/2019,13:30,9908,6316,3,4,"0
"
3,6,4,50,true,differentsizes,2,green,small,blicket,23,1,big,6/16/2019,13:30,9582,6989,4,2,"0
"
3,7,0,50,true,attncheck,2,green,small,blicket,23,1,big,6/16/2019,13:30,9582,6989,4,2,"6
"
17,1,6,55,true,samesize,16,red,big,sprock,4,21,small,6/16/2019,16:29,36381,41479,4,2,"0
"
17,2,5,73,false,samesize,14,purple,big,dax,9,3,small,6/16/2019,16:30,9513,6238,3,2,"0
"
17,3,3,76,false,differentsizes,7,blue,big,gade,1,8,small,6/16/2019,16:30,8212,4340,4,1,"0
"
17,4,4,73,true,differentsizes,23,red,small,blicket,15,10,big,6/16/2019,16:30,13424,4301,4,1,"0
"
17,5,1,73,false,contrast,5,blue,big,wug,11,12,small,6/16/2019,16:30,9378,5596,3,4,"0
"
17,6,2,72,true,contrast,24,purple,big,toma,18,22,small,6/16/2019,16:31,9092,3449,4,3,"0
"
17,7,0,72,true,attncheck,24,purple,big,toma,18,22,small,6/16/2019,16:31,9092,3449,4,3,"5
"
109,1,3,53,false,differentsizes,20,red,big,gade,13,19,small,6/16/2019,16:20,10938,8865,4,1,"0
"
109,2,6,42,true,samesize,4,green,small,toma,1,22,big,6/16/2019,16:21,8454,5280,3,2,"0
"
109,3,5,62,false,samesize,3,red,small,wug,21,11,big,6/16/2019,16:21,7593,2858,3,2,"0
"
109,4,2,40,true,contrast,8,red,big,sprock,12,7,small,6/16/2019,16:21,7140,3359,3,4,"0
"
109,5,4,39,true,differentsizes,14,purple,big,blicket,2,23,small,6/16/2019,16:21,6523,2341,4,2,"0
"
109,6,1,68,false,contrast,24,purple,big,dax,17,10,small,6/16/2019,16:21,8577,4526,4,3,"0
"
109,7,0,68,false,attncheck,24,purple,big,dax,17,10,small,6/16/2019,16:21,8577,4526,4,3,"5
"
117,1,2,82,true,contrast,5,purple,big,wug,11,4,small,6/16/2019,15:57,16915,10223,4,3,"0
"
117,2,5,53,false,samesize,20,blue,small,dax,16,10,big,6/16/2019,15:58,11348,5729,3,1,"0
"
117,3,3,30,false,differentsizes,3,purple,small,blicket,13,15,big,6/16/2019,15:58,8946,9090,4,1,"0
"
117,4,6,62,true,samesize,1,blue,big,gade,24,14,small,6/16/2019,15:58,8952,6238,3,1,"0
"
117,5,4,18,true,differentsizes,12,blue,small,toma,2,9,big,6/16/2019,15:58,8141,4753,3,1,"0
"
117,6,1,10,false,contrast,7,purple,small,sprock,6,22,big,6/16/2019,15:59,8727,11815,3,4,"0
"
117,7,0,10,false,attncheck,7,purple,small,sprock,6,22,big,6/16/2019,15:59,8727,11815,3,4,"7
"
77,1,6,73,true,samesize,21,green,big,wug,8,14,small,6/16/2019,16:24,18060,34782,4,1,"0
"
77,2,1,80,false,contrast,17,blue,small,dax,2,24,big,6/16/2019,16:25,12534,17162,4,3,"0
"
77,3,2,73,true,contrast,3,green,small,sprock,20,9,big,6/16/2019,16:25,9427,2560,4,3,"0
"
77,4,5,51,false,samesize,13,green,small,blicket,16,6,big,6/16/2019,16:25,8378,7896,4,2,"0
"
77,5,4,65,true,differentsizes,15,green,big,toma,22,7,small,6/16/2019,16:25,10793,2887,4,1,"0
"
77,6,3,64,false,differentsizes,10,purple,small,gade,11,12,big,6/16/2019,16:26,8099,7577,3,1,"0
"
77,7,0,64,false,attncheck,10,purple,small,gade,11,12,big,6/16/2019,16:26,8099,7577,3,1,"6
"
45,1,1,32,false,contrast,6,red,small,wug,1,10,big,6/16/2019,16:25,20146,9115,4,3,"0
"
45,2,2,50,true,contrast,14,purple,small,toma,22,19,big,6/16/2019,16:25,9545,3916,4,3,"0
"
45,3,6,50,true,samesize,18,green,big,blicket,23,7,small,6/16/2019,16:25,7636,8417,4,2,"0
"
45,4,3,49,false,differentsizes,4,purple,small,dax,2,11,big,6/16/2019,16:25,11162,3243,4,1,"0
"
45,5,5,49,false,samesize,12,green,big,sprock,15,9,small,6/16/2019,16:26,8231,2414,3,2,"0
"
45,6,4,51,true,differentsizes,24,purple,small,gade,3,5,big,6/16/2019,16:26,8109,2697,3,1,"0
"
45,7,0,51,true,attncheck,24,purple,small,gade,3,5,big,6/16/2019,16:26,8109,2697,3,1,"8
"
53,1,1,74,false,contrast,13,red,small,wug,9,19,big,6/16/2019,16:41,22788,18224,3,4,"0
"
53,2,2,19,true,contrast,21,blue,big,gade,11,24,small,6/16/2019,16:41,12418,7495,4,3,"0
"
53,3,3,79,false,differentsizes,14,green,small,toma,1,18,big,6/16/2019,16:42,10931,7098,4,1,"0
"
53,4,6,29,true,samesize,20,red,small,dax,8,2,big,6/16/2019,16:42,9119,4463,3,2,"0
"
53,5,4,25,true,differentsizes,17,blue,small,blicket,6,5,big,6/16/2019,16:42,10586,4377,3,2,"0
"
53,6,5,86,false,samesize,23,green,big,sprock,3,4,small,6/16/2019,16:42,9065,5480,3,1,"0
"
53,7,0,86,false,attncheck,23,green,big,sprock,3,4,small,6/16/2019,16:42,9065,5480,3,1,"8
"
119,1,3,35,false,differentsizes,22,purple,big,blicket,9,8,small,6/16/2019,15:21,13778,15274,4,2,"0
"
119,2,1,70,false,contrast,6,purple,small,wug,11,16,big,6/16/2019,15:21,9618,8917,3,4,"0
"
119,3,5,60,false,samesize,17,green,small,dax,7,10,big,6/16/2019,15:21,8885,9548,4,2,"0
"
119,4,2,90,true,contrast,18,green,small,sprock,15,13,big,6/16/2019,15:22,11097,5182,4,3,"0
"
119,5,6,85,true,samesize,5,red,big,gade,3,14,small,6/16/2019,15:22,7263,6029,4,1,"0
"
119,6,4,85,true,differentsizes,12,green,big,toma,19,23,small,6/16/2019,15:22,8852,4847,3,1,"0
"
119,7,0,85,true,attncheck,12,green,big,toma,19,23,small,6/16/2019,15:22,8852,4847,3,1,"6
"
80,1,2,50,true,contrast,4,purple,small,wug,14,12,big,6/16/2019,13:22,11050,8692,3,4,"0
"
80,2,6,50,true,samesize,21,purple,small,toma,15,6,big,6/16/2019,13:22,8397,4434,3,1,"0
"
80,3,1,50,false,contrast,13,purple,small,gade,3,11,big,6/16/2019,13:23,10737,4831,3,4,"0
"
80,4,3,50,false,differentsizes,9,purple,big,blicket,20,24,small,6/16/2019,13:23,8363,3693,4,1,"0
"
80,5,5,40,false,samesize,17,red,big,dax,16,19,small,6/16/2019,13:23,7319,4514,3,2,"0
"
80,6,4,30,true,differentsizes,10,green,small,sprock,22,1,big,6/16/2019,13:23,9207,2953,3,1,"0
"
80,7,0,30,true,attncheck,10,green,small,sprock,22,1,big,6/16/2019,13:23,9207,2953,3,1,"7
"
