subid,counter,trialtype,percentage,colorasked,searchtype,targetshape,targetcolor,targetword,distractorshape1,distractorshape2,distractorcolor,date,timestamp,rtsearch,rttest,targetpos,foilpos,attncheckscore
79,1,2,50,true,contrast,9,green,wug,1,23,red,6/16/2019,15:23,12218,15560,3,4,"0
"
79,2,1,50,false,contrast,18,green,dax,12,4,purple,6/16/2019,15:23,10524,6879,3,4,"0
"
79,3,3,100,false,polychrome,16,purple,blicket,20,22,blue,6/16/2019,15:23,11886,5646,3,2,"0
"
79,4,6,50,true,monochrome,2,purple,gade,14,15,green,6/16/2019,15:24,9247,4878,4,2,"0
"
79,5,4,50,true,polychrome,13,green,toma,21,24,purple,6/16/2019,15:24,8063,5575,3,2,"0
"
79,6,5,50,false,monochrome,8,red,sprock,7,11,green,6/16/2019,15:24,11452,2543,4,1,"0
"
79,7,0,50,false,attncheck,8,red,sprock,7,11,green,6/16/2019,15:24,11452,2543,4,1,"5
"
67,1,1,100,false,contrast,16,red,wug,3,20,green,6/16/2019,16:39,16674,8347,4,3,"0
"
67,2,6,50,true,monochrome,9,red,toma,5,2,green,6/16/2019,16:39,12104,7642,3,2,"0
"
67,3,5,100,false,monochrome,10,green,gade,14,12,red,6/16/2019,16:40,10916,6461,4,1,"0
"
67,4,2,50,true,contrast,6,green,blicket,1,7,red,6/16/2019,16:40,10757,3705,3,4,"0
"
67,5,3,100,false,polychrome,17,red,dax,11,19,green,6/16/2019,16:40,9775,4886,4,2,"0
"
67,6,4,50,true,polychrome,24,green,sprock,8,21,red,6/16/2019,16:40,8849,5419,4,1,"0
"
67,7,0,50,true,attncheck,24,green,sprock,8,21,red,6/16/2019,16:40,8849,5419,4,1,"8
"
31,1,6,60,true,monochrome,17,green,wug,6,9,purple,6/16/2019,16:21,13172,18031,3,2,"0
"
31,2,2,80,true,contrast,21,red,toma,24,16,purple,6/16/2019,16:21,7836,10020,3,4,"0
"
31,3,4,75,true,polychrome,10,blue,sprock,1,12,red,6/16/2019,16:21,11285,6470,3,1,"0
"
31,4,5,50,false,monochrome,4,red,gade,7,23,green,6/16/2019,16:22,9299,7782,4,1,"0
"
31,5,3,60,false,polychrome,13,purple,blicket,11,5,red,6/16/2019,16:22,8060,4624,3,1,"0
"
31,6,1,80,false,contrast,22,blue,dax,3,2,green,6/16/2019,16:22,9311,11018,3,4,"0
"
31,7,0,80,false,attncheck,22,blue,dax,3,2,green,6/16/2019,16:22,9311,11018,3,4,"6
"
101,1,4,62,true,polychrome,21,purple,dax,18,6,blue,6/16/2019,16:22,11725,6729,4,2,"0
"
101,2,1,49,false,contrast,11,red,toma,23,7,green,6/16/2019,16:22,7361,3362,3,4,"0
"
101,3,5,50,false,monochrome,14,blue,wug,3,19,purple,6/16/2019,16:22,7410,3136,3,2,"0
"
101,4,2,56,true,contrast,9,red,sprock,4,22,blue,6/16/2019,16:22,7501,2526,4,3,"0
"
101,5,6,49,true,monochrome,5,purple,blicket,20,17,red,6/16/2019,16:23,7037,3013,3,1,"0
"
101,6,3,48,false,polychrome,12,red,gade,8,15,blue,6/16/2019,16:23,6546,2006,4,2,"0
"
101,7,0,48,false,attncheck,12,red,gade,8,15,blue,6/16/2019,16:23,6546,2006,4,2,"7
"
64,1,3,15,false,polychrome,12,red,toma,1,14,green,6/16/2019,13:30,10344,6151,4,1,"0
"
64,2,6,70,true,monochrome,17,red,sprock,22,4,blue,6/16/2019,13:30,10126,5110,3,1,"0
"
64,3,1,90,false,contrast,5,red,gade,9,3,green,6/16/2019,13:30,11471,5373,4,3,"0
"
64,4,5,90,false,monochrome,19,blue,dax,2,21,red,6/16/2019,13:30,7292,6174,3,1,"0
"
64,5,4,60,true,polychrome,20,blue,blicket,24,13,purple,6/16/2019,13:31,7021,6260,4,2,"0
"
64,6,2,90,true,contrast,16,green,wug,18,8,purple,6/16/2019,13:31,7087,3989,4,3,"0
"
64,7,0,90,true,attncheck,16,green,wug,18,8,purple,6/16/2019,13:31,7087,3989,4,3,"6
"
34,1,1,36,false,contrast,24,blue,blicket,23,10,red,6/16/2019,16:26,13637,17006,3,4,"0
"
34,2,3,89,false,polychrome,15,purple,toma,8,22,blue,6/16/2019,16:27,11020,9180,4,2,"0
"
34,3,5,91,false,monochrome,19,purple,wug,9,12,green,6/16/2019,16:27,9415,7140,3,2,"0
"
34,4,6,42,true,monochrome,18,red,gade,7,2,blue,6/16/2019,16:28,11210,11480,3,1,"0
"
34,5,4,48,true,polychrome,4,red,dax,16,3,green,6/16/2019,16:28,9034,8400,4,2,"0
"
34,6,2,38,true,contrast,14,blue,sprock,5,1,green,6/16/2019,16:28,9510,6610,3,4,"0
"
34,7,0,38,true,attncheck,14,blue,sprock,5,1,green,6/16/2019,16:28,9510,6610,3,4,"8
"
114,1,2,40,true,contrast,14,blue,blicket,12,22,green,6/16/2019,16:33,12060,28299,3,4,"0
"
114,2,1,30,false,contrast,9,blue,gade,5,20,red,6/16/2019,16:33,9919,30022,3,4,"0
"
114,3,6,60,true,monochrome,17,green,wug,1,4,blue,6/16/2019,16:34,9810,9541,3,1,"0
"
114,4,5,59,false,monochrome,10,red,dax,19,21,blue,6/16/2019,16:34,10946,9193,3,2,"0
"
114,5,3,27,false,polychrome,6,blue,toma,7,23,purple,6/16/2019,16:36,101032,4065,4,1,"0
"
114,6,4,50,true,polychrome,24,red,sprock,13,15,green,6/16/2019,16:36,9104,11171,4,1,"0
"
114,7,0,50,true,attncheck,24,red,sprock,13,15,green,6/16/2019,16:36,9104,11171,4,1,"5
"
120,1,2,10,true,contrast,16,green,blicket,22,19,red,6/16/2019,16:20,10775,5974,4,3,"0
"
120,2,4,25,true,polychrome,1,blue,toma,12,2,red,6/16/2019,16:20,7327,3328,4,1,"0
"
120,3,5,5,false,monochrome,8,red,wug,14,24,green,6/16/2019,16:20,7004,1985,3,1,"0
"
120,4,1,19,false,contrast,11,purple,dax,21,13,red,6/16/2019,16:21,10937,1674,3,4,"0
"
120,5,6,25,true,monochrome,7,green,sprock,23,3,red,6/16/2019,16:21,6668,1962,3,1,"0
"
120,6,3,20,false,polychrome,20,red,gade,18,10,purple,6/16/2019,16:21,8399,4029,4,2,"0
"
120,7,0,20,false,attncheck,20,red,gade,18,10,purple,6/16/2019,16:21,8399,4029,4,2,"8
"
75,1,6,39,true,monochrome,23,green,dax,7,21,blue,6/16/2019,15:32,12691,12165,3,1,"0
"
75,2,1,60,false,contrast,9,red,gade,20,16,blue,6/16/2019,15:32,11737,7784,3,4,"0
"
75,3,5,35,false,monochrome,12,blue,wug,1,8,green,6/16/2019,15:32,9073,7975,3,2,"0
"
75,4,3,68,false,polychrome,15,green,toma,5,18,red,6/16/2019,15:33,15043,5715,3,2,"0
"
75,5,2,82,true,contrast,14,blue,blicket,22,17,green,6/16/2019,15:33,9181,5899,4,3,"0
"
75,6,4,73,true,polychrome,10,red,sprock,11,6,green,6/16/2019,15:33,7078,3604,4,1,"0
"
75,7,0,73,true,attncheck,10,red,sprock,11,6,green,6/16/2019,15:33,7078,3604,4,1,"8
"
6,1,4,70,true,polychrome,13,blue,sprock,15,2,purple,6/16/2019,16:34,11516,7028,4,1,"0
"
6,2,1,79,false,contrast,3,blue,dax,16,17,green,6/16/2019,16:34,9482,4591,4,3,"0
"
6,3,6,50,true,monochrome,22,blue,toma,10,11,green,6/16/2019,16:34,6988,4276,4,2,"0
"
6,4,3,49,false,polychrome,20,green,blicket,18,4,blue,6/16/2019,16:35,8423,5556,3,1,"0
"
6,5,2,76,true,contrast,6,purple,gade,24,5,green,6/16/2019,16:35,7785,3160,3,4,"0
"
6,6,5,51,false,monochrome,14,purple,wug,12,23,red,6/16/2019,16:35,8399,4228,4,2,"0
"
6,7,0,51,false,attncheck,14,purple,wug,12,23,red,6/16/2019,16:35,8399,4228,4,2,"4
"
80,1,4,36,true,polychrome,1,red,sprock,20,15,green,6/16/2019,16:32,13164,14240,4,2,"0
"
80,2,3,50,false,polychrome,16,green,dax,7,5,red,6/16/2019,16:32,9143,9892,4,2,"0
"
80,3,5,32,false,monochrome,3,purple,gade,6,13,red,6/16/2019,16:32,8523,5285,4,2,"0
"
80,4,2,46,true,contrast,12,purple,blicket,9,8,blue,6/16/2019,16:33,9016,8887,3,4,"0
"
80,5,6,36,true,monochrome,19,blue,toma,11,4,red,6/16/2019,16:33,8230,3695,3,2,"0
"
80,6,1,55,false,contrast,10,green,wug,17,18,purple,6/16/2019,16:33,8353,8152,4,3,"0
"
80,7,0,55,false,attncheck,10,green,wug,17,18,purple,6/16/2019,16:33,8353,8152,4,3,"6
"
40,1,1,30,false,contrast,12,blue,blicket,3,22,green,6/16/2019,16:27,15192,19015,3,4,"0
"
40,2,4,35,true,polychrome,9,blue,wug,24,10,purple,6/16/2019,16:27,10759,10291,4,1,"0
"
40,3,2,15,true,contrast,23,purple,toma,16,7,red,6/16/2019,16:27,9439,16263,3,4,"0
"
40,4,5,20,false,monochrome,21,red,dax,19,4,purple,6/16/2019,16:28,9072,13351,3,2,"0
"
40,5,6,20,true,monochrome,5,red,sprock,18,20,green,6/16/2019,16:28,10759,14881,3,2,"0
"
40,6,3,20,false,polychrome,11,red,gade,17,8,blue,6/16/2019,16:29,8823,9913,4,1,"0
"
40,7,0,20,false,attncheck,11,red,gade,17,8,blue,6/16/2019,16:29,8823,9913,4,1,"6
"
77,1,2,25,true,contrast,23,red,wug,2,18,purple,6/16/2019,13:21,13108,14569,4,3,"0
"
77,2,3,100,false,polychrome,16,green,sprock,15,24,blue,6/16/2019,13:21,9091,7194,3,1,"0
"
77,3,3,100,false,polychrome,16,green,sprock,15,24,blue,6/16/2019,13:21,9091,7282,3,1,"0
"
77,4,5,50,false,monochrome,4,red,dax,14,12,green,6/16/2019,13:22,12320,7575,3,2,"0
"
77,5,5,50,false,monochrome,4,red,dax,14,12,green,6/16/2019,13:22,12320,7663,3,2,"0
"
77,6,1,100,false,contrast,20,purple,gade,5,19,blue,6/16/2019,13:22,10958,9130,4,3,"0
"
77,7,0,100,false,attncheck,20,purple,gade,5,19,blue,6/16/2019,13:22,10958,9130,4,3,"6
"
21,1,1,40,false,contrast,4,red,wug,12,18,purple,6/16/2019,16:37,12128,10936,4,3,"0
"
21,2,2,37,true,contrast,10,red,gade,15,14,green,6/16/2019,16:38,8742,3901,4,3,"0
"
21,3,4,17,true,polychrome,13,green,blicket,23,5,red,6/16/2019,16:38,9184,2841,3,1,"0
"
21,4,6,53,true,monochrome,20,purple,dax,2,3,blue,6/16/2019,16:38,7454,6288,4,2,"0
"
21,5,3,46,false,polychrome,8,red,sprock,7,22,purple,6/16/2019,16:38,7913,2631,4,1,"0
"
21,6,5,15,false,monochrome,9,purple,toma,6,24,blue,6/16/2019,16:38,7607,2440,3,1,"0
"
21,7,0,15,false,attncheck,9,purple,toma,6,24,blue,6/16/2019,16:38,7607,2440,3,1,"5
"
35,1,5,39,false,monochrome,4,green,blicket,17,14,purple,6/16/2019,16:29,15641,7350,3,2,"0
"
35,2,4,45,true,polychrome,1,blue,wug,5,15,green,6/16/2019,16:30,7315,9926,4,1,"0
"
35,3,2,40,true,contrast,19,red,sprock,22,6,green,6/16/2019,16:30,14113,2630,4,3,"0
"
35,4,1,63,false,contrast,3,green,dax,12,24,purple,6/16/2019,16:30,7163,3137,4,3,"0
"
35,5,6,45,true,monochrome,18,red,toma,2,8,blue,6/16/2019,16:30,7122,2950,3,2,"0
"
35,6,3,72,false,polychrome,9,blue,gade,16,13,green,6/16/2019,16:31,8057,2600,3,2,"0
"
35,7,0,72,false,attncheck,9,blue,gade,16,13,green,6/16/2019,16:31,8057,2600,3,2,"7
"
82,1,3,25,false,polychrome,5,blue,gade,22,4,purple,6/16/2019,13:30,14485,20467,4,2,"0
"
82,2,1,50,false,contrast,14,red,wug,6,13,blue,6/16/2019,13:31,14785,10728,3,4,"0
"
82,3,4,50,true,polychrome,12,green,toma,1,11,purple,6/16/2019,13:31,12340,5062,3,1,"0
"
82,4,2,50,true,contrast,16,red,sprock,21,10,blue,6/16/2019,13:31,11910,9893,4,3,"0
"
82,5,5,25,false,monochrome,8,blue,dax,20,2,purple,6/16/2019,13:32,14740,8953,3,1,"0
"
82,6,6,50,true,monochrome,23,blue,blicket,24,17,green,6/16/2019,13:32,10112,7583,3,2,"0
"
82,7,0,50,true,attncheck,23,blue,blicket,24,17,green,6/16/2019,13:32,10112,7583,3,2,"6
"
111,1,6,33,true,monochrome,18,purple,gade,13,23,green,6/16/2019,16:24,10534,9038,3,2,"0
"
111,2,3,71,false,polychrome,22,blue,dax,10,19,purple,6/16/2019,16:25,11172,4944,4,2,"0
"
111,3,4,39,true,polychrome,3,green,blicket,1,6,blue,6/16/2019,16:25,8796,2167,3,1,"0
"
111,4,2,16,true,contrast,9,green,wug,17,8,purple,6/16/2019,16:25,9872,4098,3,4,"0
"
111,5,1,6,false,contrast,12,green,sprock,4,2,blue,6/16/2019,16:25,11743,4106,3,4,"0
"
111,6,5,42,false,monochrome,24,green,toma,16,15,red,6/16/2019,16:26,9077,1712,3,2,"0
"
111,7,0,42,false,attncheck,24,green,toma,16,15,red,6/16/2019,16:26,9077,1712,3,2,"6
"
29,1,4,61,true,polychrome,21,purple,wug,15,10,green,6/16/2019,16:27,21914,12350,4,2,"0
"
29,2,3,56,false,polychrome,20,red,blicket,16,12,blue,6/16/2019,16:27,10000,2796,4,1,"0
"
29,3,5,34,false,monochrome,19,red,gade,1,18,blue,6/16/2019,16:28,50770,3473,3,2,"0
"
29,4,1,38,false,contrast,22,purple,toma,11,5,green,6/16/2019,16:29,7559,2712,4,3,"0
"
29,5,6,80,true,monochrome,3,green,sprock,9,6,red,6/16/2019,16:29,7073,4630,3,1,"0
"
29,6,2,77,true,contrast,4,blue,dax,14,8,red,6/16/2019,16:29,7922,5323,3,4,"0
"
29,7,0,77,true,attncheck,4,blue,dax,14,8,red,6/16/2019,16:29,7922,5323,3,4,"4
"
108,1,5,67,false,monochrome,11,green,dax,9,18,blue,6/16/2019,16:20,17755,13217,3,1,"0
"
108,2,6,40,true,monochrome,16,purple,blicket,10,20,green,6/16/2019,16:21,11331,10279,4,2,"0
"
108,3,3,40,false,polychrome,1,green,wug,12,2,blue,6/16/2019,16:21,10292,7026,4,2,"0
"
108,4,2,40,true,contrast,4,green,sprock,22,13,blue,6/16/2019,16:21,9365,5324,3,4,"0
"
108,5,4,40,true,polychrome,19,blue,toma,23,8,red,6/16/2019,16:21,10938,5752,3,2,"0
"
108,6,1,40,false,contrast,6,blue,gade,24,15,purple,6/16/2019,16:22,8801,8885,4,3,"0
"
108,7,0,40,false,attncheck,6,blue,gade,24,15,purple,6/16/2019,16:22,8801,8885,4,3,"5
"
116,1,5,20,false,monochrome,9,red,blicket,21,23,purple,6/16/2019,16:22,14167,15166,4,1,"0
"
116,2,1,14,false,contrast,20,green,wug,10,11,purple,6/16/2019,16:22,11762,12964,3,4,"0
"
116,3,3,23,false,polychrome,6,blue,dax,17,14,red,6/16/2019,16:23,10881,13367,4,1,"0
"
116,4,2,26,true,contrast,7,green,toma,3,8,red,6/16/2019,16:23,8221,16202,3,4,"0
"
116,5,6,27,true,monochrome,13,blue,gade,18,5,green,6/16/2019,16:23,7548,5182,3,2,"0
"
116,6,4,29,true,polychrome,22,blue,sprock,4,16,red,6/16/2019,16:24,12856,5671,3,1,"0
"
116,7,0,29,true,attncheck,22,blue,sprock,4,16,red,6/16/2019,16:24,12856,5671,3,1,"8
"
84,1,3,51,false,polychrome,22,red,toma,12,8,purple,6/16/2019,16:38,12227,10673,4,2,"0
"
84,2,6,46,true,monochrome,1,red,gade,18,4,purple,6/16/2019,16:38,7311,3014,4,2,"0
"
84,3,2,47,true,contrast,2,blue,dax,23,6,purple,6/16/2019,16:38,7297,2304,4,3,"0
"
84,4,1,46,false,contrast,21,purple,blicket,3,14,red,6/16/2019,16:38,7907,2636,4,3,"0
"
84,5,4,51,true,polychrome,24,green,sprock,16,13,red,6/16/2019,16:39,9757,3977,3,1,"0
"
84,6,5,47,false,monochrome,20,purple,wug,15,5,green,6/16/2019,16:39,7150,2667,3,2,"0
"
84,7,0,47,false,attncheck,20,purple,wug,15,5,green,6/16/2019,16:39,7150,2667,3,2,"7
"
71,1,2,50,true,contrast,9,blue,toma,18,5,green,6/16/2019,13:34,13499,11005,3,4,"0
"
71,2,3,50,false,polychrome,23,green,wug,1,7,red,6/16/2019,13:34,18215,10791,3,1,"0
"
71,3,6,50,true,monochrome,24,purple,dax,10,14,green,6/16/2019,13:35,12897,9661,4,2,"0
"
71,4,5,50,false,monochrome,8,red,sprock,11,3,green,6/16/2019,13:35,8209,11607,4,2,"0
"
71,5,1,70,false,contrast,16,purple,blicket,2,13,blue,6/16/2019,13:35,10892,10464,3,4,"0
"
71,6,4,50,true,polychrome,22,purple,gade,20,6,red,6/16/2019,13:36,8196,7782,3,2,"0
"
71,7,0,50,true,attncheck,22,purple,gade,20,6,red,6/16/2019,13:36,8196,7782,3,2,"7
"
52,1,5,60,false,monochrome,12,red,toma,10,16,green,6/16/2019,16:24,11087,24467,3,1,"0
"
52,2,3,50,false,polychrome,19,red,blicket,7,5,purple,6/16/2019,16:24,9604,14810,3,1,"0
"
52,3,4,80,true,polychrome,8,green,gade,13,9,red,6/16/2019,16:24,8706,8105,4,1,"0
"
52,4,2,50,true,contrast,2,purple,wug,24,3,green,6/16/2019,16:25,8885,7831,4,3,"0
"
52,5,1,100,false,contrast,6,blue,dax,11,20,purple,6/16/2019,16:25,10710,4073,3,4,"0
"
52,6,6,50,true,monochrome,14,green,sprock,23,18,red,6/16/2019,16:25,7199,5392,4,1,"0
"
52,7,0,50,true,attncheck,14,green,sprock,23,18,red,6/16/2019,16:25,7199,5392,4,1,"8
"
110,1,4,92,true,polychrome,15,purple,blicket,16,1,blue,6/16/2019,16:21,11366,7432,4,1,"0
"
110,2,5,55,false,monochrome,2,red,gade,21,8,blue,6/16/2019,16:21,11910,5286,4,2,"0
"
110,3,1,48,false,contrast,9,blue,sprock,11,14,purple,6/16/2019,16:22,9106,3476,4,3,"0
"
110,4,6,29,true,monochrome,3,red,wug,6,24,blue,6/16/2019,16:22,10991,2812,4,1,"0
"
110,5,2,40,true,contrast,17,blue,toma,19,22,red,6/16/2019,16:22,10731,3073,3,4,"0
"
110,6,3,49,false,polychrome,5,red,dax,13,20,purple,6/16/2019,16:22,7707,2901,3,1,"0
"
110,7,0,49,false,attncheck,5,red,dax,13,20,purple,6/16/2019,16:22,7707,2901,3,1,"5
"
49,1,5,50,false,monochrome,9,blue,wug,3,1,green,6/16/2019,16:23,12512,55292,4,2,"0
"
49,2,4,20,true,polychrome,17,green,toma,14,6,red,6/16/2019,16:23,11347,12743,3,1,"0
"
49,3,3,40,false,polychrome,20,purple,sprock,13,12,red,6/16/2019,16:23,10954,7242,4,2,"0
"
49,4,1,20,false,contrast,22,blue,gade,5,15,red,6/16/2019,16:24,9668,8813,4,3,"0
"
49,5,2,50,true,contrast,8,red,dax,11,2,blue,6/16/2019,16:24,8843,8095,3,4,"0
"
49,6,6,50,true,monochrome,21,blue,blicket,7,10,purple,6/16/2019,16:24,7701,9279,3,1,"0
"
49,7,0,50,true,attncheck,21,blue,blicket,7,10,purple,6/16/2019,16:24,7701,9279,3,1,"4
"
74,1,2,50,true,contrast,5,blue,toma,12,20,green,6/16/2019,16:37,22220,18353,3,4,"0
"
74,2,5,50,false,monochrome,8,green,wug,6,13,blue,6/16/2019,16:37,14691,9916,3,2,"0
"
74,3,1,100,false,contrast,3,purple,dax,18,19,red,6/16/2019,16:37,14533,5369,4,3,"0
"
74,4,3,50,false,polychrome,10,blue,blicket,1,11,purple,6/16/2019,16:38,15273,6082,4,1,"0
"
74,5,6,33,true,monochrome,14,blue,gade,23,7,purple,6/16/2019,16:38,13421,7684,4,2,"0
"
74,6,4,50,true,polychrome,17,green,sprock,16,22,blue,6/16/2019,16:39,14516,8212,4,1,"0
"
74,7,0,50,true,attncheck,17,green,sprock,16,22,blue,6/16/2019,16:39,14516,8212,4,1,"7
"
4,1,3,37,false,polychrome,10,blue,wug,21,6,purple,6/16/2019,13:30,25950,11197,3,2,"0
"
4,2,1,50,false,contrast,7,purple,gade,3,19,blue,6/16/2019,13:31,15863,8918,3,4,"0
"
4,3,5,50,false,monochrome,16,green,sprock,13,14,blue,6/16/2019,13:31,8968,4945,4,2,"0
"
4,4,4,50,true,polychrome,11,purple,dax,9,18,blue,6/16/2019,13:32,27174,15095,3,2,"0
"
4,5,6,42,true,monochrome,5,purple,toma,20,1,green,6/16/2019,13:32,13166,6042,3,2,"0
"
4,6,2,68,true,contrast,2,red,blicket,22,23,purple,6/16/2019,13:33,22673,6613,3,4,"0
"
4,7,0,68,true,attncheck,2,red,blicket,22,23,purple,6/16/2019,13:33,22673,6613,3,4,"5
"
1,1,1,92,false,contrast,2,red,toma,15,11,purple,6/16/2019,15:19,12600,13273,3,4,"0
"
1,2,6,52,true,monochrome,18,blue,sprock,20,7,green,6/16/2019,15:19,8092,5190,4,2,"0
"
1,3,4,52,true,polychrome,6,purple,gade,9,24,green,6/16/2019,15:19,7110,2856,4,1,"0
"
1,4,5,93,false,monochrome,12,green,wug,13,4,blue,6/16/2019,15:20,7681,2597,4,2,"0
"
1,5,2,50,true,contrast,22,purple,dax,19,16,blue,6/16/2019,15:20,6743,2601,4,3,"0
"
1,6,3,86,false,polychrome,17,purple,blicket,5,21,blue,6/16/2019,15:20,7846,2201,4,1,"0
"
1,7,0,86,false,attncheck,17,purple,blicket,5,21,blue,6/16/2019,15:20,7846,2201,4,1,"8
"
61,1,6,25,true,monochrome,4,red,dax,11,18,purple,6/16/2019,16:34,14131,13988,4,1,"0
"
61,2,5,50,false,monochrome,10,green,toma,14,17,red,6/16/2019,16:34,8849,6197,3,1,"0
"
61,3,3,50,false,polychrome,21,blue,wug,16,6,red,6/16/2019,16:34,10359,4943,4,2,"0
"
61,4,1,100,false,contrast,22,green,gade,1,5,red,6/16/2019,16:34,11950,5700,3,4,"0
"
61,5,4,100,true,polychrome,12,green,blicket,3,20,purple,6/16/2019,16:35,8636,3612,3,1,"0
"
61,6,2,50,true,contrast,9,blue,sprock,8,24,green,6/16/2019,16:35,7466,5954,4,3,"0
"
61,7,0,50,true,attncheck,9,blue,sprock,8,24,green,6/16/2019,16:35,7466,5954,4,3,"7
"
20,1,6,42,true,monochrome,13,purple,blicket,10,14,green,6/16/2019,16:22,7343,1634,3,1,"0
"
20,2,5,54,false,monochrome,12,green,gade,2,21,red,6/16/2019,16:22,6507,2686,4,2,"0
"
20,3,4,50,true,polychrome,11,red,dax,16,3,purple,6/16/2019,16:22,6513,2234,4,2,"0
"
20,4,2,49,true,contrast,1,blue,sprock,18,20,red,6/16/2019,16:23,9689,1528,4,3,"0
"
20,5,1,58,false,contrast,15,red,toma,9,23,purple,6/16/2019,16:23,9066,1613,4,3,"0
"
20,6,3,58,false,polychrome,22,purple,wug,19,17,green,6/16/2019,16:23,8787,1895,3,1,"0
"
20,7,0,58,false,attncheck,22,purple,wug,19,17,green,6/16/2019,16:23,8787,1895,3,1,"8
"
103,1,5,50,false,monochrome,1,green,toma,16,15,purple,6/16/2019,14:31,12831,8466,4,2,"0
"
103,2,2,40,true,contrast,8,red,blicket,19,3,green,6/16/2019,14:31,10602,7688,4,3,"0
"
103,3,3,65,false,polychrome,23,blue,dax,22,12,purple,6/16/2019,14:31,11155,7638,3,1,"0
"
103,4,1,75,false,contrast,4,green,gade,7,5,red,6/16/2019,14:32,10825,5926,4,3,"0
"
103,5,6,35,true,monochrome,11,blue,wug,17,24,red,6/16/2019,14:32,9004,4384,3,1,"0
"
103,6,4,35,true,polychrome,21,red,sprock,13,14,purple,6/16/2019,14:32,8741,3719,4,1,"0
"
103,7,0,35,true,attncheck,21,red,sprock,13,14,purple,6/16/2019,14:32,8741,3719,4,1,"7
"
62,1,2,30,true,contrast,19,blue,dax,15,11,green,6/16/2019,13:33,11688,10406,4,3,"0
"
62,2,6,50,true,monochrome,7,green,wug,9,22,blue,6/16/2019,13:33,9644,2617,3,1,"0
"
62,3,4,25,true,polychrome,10,purple,blicket,6,23,red,6/16/2019,13:33,8790,5394,3,1,"0
"
62,4,5,75,false,monochrome,4,purple,gade,12,5,blue,6/16/2019,13:34,10238,4678,4,2,"0
"
62,5,1,33,false,contrast,2,red,toma,20,8,blue,6/16/2019,13:34,9296,5087,4,3,"0
"
62,6,3,50,false,polychrome,13,purple,sprock,1,16,green,6/16/2019,13:34,7191,3329,3,1,"0
"
62,7,0,50,false,attncheck,13,purple,sprock,1,16,green,6/16/2019,13:34,7191,3329,3,1,"8
"
109,1,2,65,true,contrast,13,purple,wug,10,14,green,6/16/2019,15:21,17726,4546,4,3,"0
"
109,2,6,40,true,monochrome,24,green,dax,20,4,blue,6/16/2019,15:21,19958,7473,3,2,"0
"
109,3,1,36,false,contrast,8,red,gade,3,23,purple,6/16/2019,15:22,10382,4637,4,3,"0
"
109,4,4,69,true,polychrome,21,purple,blicket,5,2,blue,6/16/2019,15:22,9681,5692,4,1,"0
"
109,5,5,55,false,monochrome,7,purple,toma,15,16,red,6/16/2019,15:22,8803,9647,3,1,"0
"
109,6,3,49,false,polychrome,22,purple,sprock,9,12,green,6/16/2019,15:22,9102,6183,3,1,"0
"
109,7,0,49,false,attncheck,22,purple,sprock,9,12,green,6/16/2019,15:22,9102,6183,3,1,"5
"
23,1,5,53,false,monochrome,24,purple,toma,9,11,green,6/16/2019,16:28,11975,6080,3,2,"0
"
23,2,1,45,false,contrast,1,red,dax,23,2,purple,6/16/2019,16:28,9527,5808,4,3,"0
"
23,3,4,55,true,polychrome,22,green,sprock,3,5,blue,6/16/2019,16:28,9018,4272,3,2,"0
"
23,4,2,58,true,contrast,17,green,blicket,16,4,red,6/16/2019,16:29,9807,3663,4,3,"0
"
23,5,6,23,true,monochrome,21,purple,gade,19,12,green,6/16/2019,16:29,7441,2597,3,2,"0
"
23,6,3,23,false,polychrome,13,purple,wug,18,10,blue,6/16/2019,16:29,9838,4817,3,1,"0
"
23,7,0,23,false,attncheck,13,purple,wug,18,10,blue,6/16/2019,16:29,9838,4817,3,1,"6
"
85,1,2,69,true,contrast,2,green,wug,4,22,blue,6/16/2019,16:40,18813,11878,3,4,"0
"
85,2,6,37,true,monochrome,24,blue,blicket,15,7,red,6/16/2019,16:41,24244,6624,3,2,"0
"
85,3,1,1,false,contrast,8,purple,dax,5,11,red,6/16/2019,16:41,14332,7493,4,3,"0
"
85,4,4,0,true,polychrome,3,blue,sprock,1,10,green,6/16/2019,16:42,11412,8704,3,1,"0
"
85,5,3,32,false,polychrome,17,purple,toma,13,19,blue,6/16/2019,16:42,10593,4819,4,1,"0
"
85,6,5,59,false,monochrome,14,blue,gade,9,20,purple,6/16/2019,16:42,8113,2660,4,1,"0
"
85,7,0,59,false,attncheck,14,blue,gade,9,20,purple,6/16/2019,16:42,8113,2660,4,1,"8
"
92,1,3,45,false,polychrome,5,red,dax,21,12,purple,6/16/2019,16:21,12017,7282,3,1,"0
"
92,2,4,50,true,polychrome,18,purple,blicket,6,10,red,6/16/2019,16:22,8841,5232,3,2,"0
"
92,3,1,53,false,contrast,20,purple,gade,9,3,green,6/16/2019,16:22,10264,18596,3,4,"0
"
92,4,6,51,true,monochrome,16,blue,wug,14,24,purple,6/16/2019,16:22,8495,6519,4,2,"0
"
92,5,2,53,true,contrast,1,blue,sprock,19,23,purple,6/16/2019,16:23,8263,3656,4,3,"0
"
92,6,5,49,false,monochrome,15,green,toma,22,17,purple,6/16/2019,16:23,8421,2136,3,1,"0
"
92,7,0,49,false,attncheck,15,green,toma,22,17,purple,6/16/2019,16:23,8421,2136,3,1,"5
"
51,1,1,100,false,contrast,4,green,blicket,2,17,purple,6/16/2019,15:22,17713,9388,3,4,"0
"
51,2,6,45,true,monochrome,20,purple,wug,11,24,green,6/16/2019,15:23,11868,15580,4,1,"0
"
51,3,3,20,false,polychrome,18,purple,gade,12,21,blue,6/16/2019,15:23,15221,7126,4,2,"0
"
51,4,2,50,true,contrast,14,blue,toma,6,13,green,6/16/2019,15:24,13326,3797,4,3,"0
"
51,5,4,32,true,polychrome,16,green,sprock,22,9,red,6/16/2019,15:24,10615,5853,4,1,"0
"
51,6,5,40,false,monochrome,8,purple,dax,7,15,red,6/16/2019,15:24,10732,4377,3,1,"0
"
51,7,0,40,false,attncheck,8,purple,dax,7,15,red,6/16/2019,15:24,10732,4377,3,1,"6
"
94,1,3,50,false,polychrome,12,red,blicket,4,11,blue,6/16/2019,16:23,12299,9456,4,2,"0
"
94,2,1,100,false,contrast,1,blue,wug,13,23,red,6/16/2019,16:23,11427,6513,3,4,"0
"
94,3,4,50,true,polychrome,24,purple,toma,9,6,red,6/16/2019,16:24,8546,6716,4,2,"0
"
94,4,5,50,false,monochrome,19,green,sprock,22,10,red,6/16/2019,16:24,11502,6386,4,2,"0
"
94,5,6,100,true,monochrome,21,green,dax,3,16,red,6/16/2019,16:24,7836,5221,4,2,"0
"
94,6,2,50,true,contrast,5,blue,gade,17,15,green,6/16/2019,16:24,7609,3788,3,4,"0
"
94,7,0,50,true,attncheck,5,blue,gade,17,15,green,6/16/2019,16:24,7609,3788,3,4,"7
"
48,1,2,35,true,contrast,20,blue,blicket,1,18,purple,6/16/2019,13:38,25135,8793,4,3,"0
"
48,2,5,54,false,monochrome,23,purple,gade,6,24,green,6/16/2019,13:39,22953,5151,3,2,"0
"
48,3,3,42,false,polychrome,15,green,sprock,14,11,red,6/16/2019,13:39,12555,5354,3,2,"0
"
48,4,1,92,false,contrast,22,red,dax,17,12,green,6/16/2019,13:39,15693,3361,3,4,"0
"
48,5,6,25,true,monochrome,5,purple,toma,10,4,blue,6/16/2019,13:40,17975,6112,4,1,"0
"
48,6,4,25,true,polychrome,16,red,wug,7,19,purple,6/16/2019,13:40,6849,7017,4,1,"0
"
48,7,0,25,true,attncheck,16,red,wug,7,19,purple,6/16/2019,13:40,6849,7017,4,1,"7
"
45,1,6,40,true,monochrome,17,purple,wug,9,10,blue,6/16/2019,15:40,13296,12154,4,2,"0
"
45,2,2,50,true,contrast,24,red,gade,14,20,purple,6/16/2019,15:41,10634,9705,3,4,"0
"
45,3,4,50,true,polychrome,22,green,sprock,11,2,purple,6/16/2019,15:41,10247,8757,4,1,"0
"
45,4,1,70,false,contrast,13,purple,dax,6,12,red,6/16/2019,15:41,10356,9560,3,4,"0
"
45,5,3,70,false,polychrome,3,green,blicket,5,1,red,6/16/2019,15:42,9586,4001,4,1,"0
"
45,6,5,80,false,monochrome,4,red,toma,8,19,purple,6/16/2019,15:42,7864,6091,3,1,"0
"
45,7,0,80,false,attncheck,4,red,toma,8,19,purple,6/16/2019,15:42,7864,6091,3,1,"8
"
73,1,4,2,true,polychrome,6,green,blicket,13,20,blue,6/16/2019,15:23,12958,28534,3,2,"0
"
73,2,2,25,true,contrast,21,purple,gade,5,18,green,6/16/2019,15:23,11656,26361,3,4,"0
"
73,3,5,34,false,monochrome,17,green,toma,24,14,red,6/16/2019,15:24,13211,7359,3,1,"0
"
73,4,6,19,true,monochrome,19,purple,sprock,2,4,red,6/16/2019,15:24,10229,7980,3,2,"0
"
73,5,1,42,false,contrast,15,blue,wug,22,10,red,6/16/2019,15:24,10617,3390,3,4,"0
"
73,6,3,50,false,polychrome,3,purple,dax,1,8,blue,6/16/2019,15:24,8784,5191,4,1,"0
"
73,7,0,50,false,attncheck,3,purple,dax,1,8,blue,6/16/2019,15:24,8784,5191,4,1,"5
"
100,1,6,42,true,monochrome,16,blue,dax,8,20,green,6/16/2019,16:30,20310,16624,3,1,"0
"
100,2,2,28,true,contrast,18,red,blicket,22,5,blue,6/16/2019,16:31,20079,11047,4,3,"0
"
100,3,5,100,false,monochrome,13,red,wug,14,7,blue,6/16/2019,16:31,15199,9481,3,2,"0
"
100,4,3,100,false,polychrome,4,red,sprock,21,17,purple,6/16/2019,16:32,12851,8841,4,2,"0
"
100,5,4,50,true,polychrome,24,purple,gade,6,19,red,6/16/2019,16:32,13581,9426,3,2,"0
"
100,6,1,88,false,contrast,2,blue,toma,1,15,purple,6/16/2019,16:33,26232,7210,4,3,"0
"
100,7,0,88,false,attncheck,2,blue,toma,1,15,purple,6/16/2019,16:33,26232,7210,4,3,"6
"
54,1,5,50,false,monochrome,5,blue,dax,20,1,green,6/16/2019,16:27,9526,16317,4,1,"0
"
54,2,1,50,false,contrast,6,purple,wug,11,9,blue,6/16/2019,16:27,10417,8858,4,3,"0
"
54,3,3,50,false,polychrome,13,green,sprock,2,3,red,6/16/2019,16:27,8711,6529,3,2,"0
"
54,4,4,50,true,polychrome,22,red,blicket,8,23,green,6/16/2019,16:28,8602,6130,4,1,"0
"
54,5,6,50,true,monochrome,10,red,gade,17,19,blue,6/16/2019,16:28,8056,8346,4,2,"0
"
54,6,2,50,true,contrast,4,purple,toma,18,15,red,6/16/2019,16:28,9016,8355,4,3,"0
"
54,7,0,50,true,attncheck,4,purple,toma,18,15,red,6/16/2019,16:28,9016,8355,4,3,"8
"
63,1,4,20,true,polychrome,15,blue,wug,16,24,red,6/16/2019,15:24,10830,10381,3,2,"0
"
63,2,6,50,true,monochrome,22,green,toma,11,7,purple,6/16/2019,15:24,13460,7389,4,1,"0
"
63,3,3,100,false,polychrome,21,blue,gade,6,23,purple,6/16/2019,15:25,11541,9493,3,2,"0
"
63,4,5,100,false,monochrome,3,green,dax,12,8,purple,6/16/2019,15:25,8893,5422,4,1,"0
"
63,5,1,33,false,contrast,2,green,blicket,19,4,blue,6/16/2019,15:25,11063,3885,4,3,"0
"
63,6,2,50,true,contrast,18,purple,sprock,1,20,green,6/16/2019,15:25,6790,6389,4,3,"0
"
63,7,0,50,true,attncheck,18,purple,sprock,1,20,green,6/16/2019,15:25,6790,6389,4,3,"8
"
65,1,3,50,false,polychrome,13,purple,dax,11,23,blue,6/16/2019,16:31,14203,7446,4,2,"0
"
65,2,1,50,false,contrast,17,red,toma,21,2,blue,6/16/2019,16:31,10351,6277,4,3,"0
"
65,3,5,50,false,monochrome,9,blue,gade,5,1,purple,6/16/2019,16:31,9216,3403,3,1,"0
"
65,4,4,50,true,polychrome,10,green,wug,19,15,blue,6/16/2019,16:31,9010,7510,3,2,"0
"
65,5,2,50,true,contrast,12,red,blicket,24,3,blue,6/16/2019,16:32,8304,4832,4,3,"0
"
65,6,6,50,true,monochrome,6,red,sprock,16,8,purple,6/16/2019,16:32,8925,4086,3,2,"0
"
65,7,0,50,true,attncheck,6,red,sprock,16,8,purple,6/16/2019,16:32,8925,4086,3,2,"5
"
78,1,4,50,true,polychrome,14,red,blicket,1,19,green,6/16/2019,16:24,16394,12369,3,1,"0
"
78,2,5,50,false,monochrome,2,blue,wug,13,18,green,6/16/2019,16:25,10483,7848,3,2,"0
"
78,3,1,50,false,contrast,3,red,dax,24,7,blue,6/16/2019,16:25,9673,5626,3,4,"0
"
78,4,2,50,true,contrast,22,blue,sprock,12,16,purple,6/16/2019,16:25,9468,3161,3,4,"0
"
78,5,6,50,true,monochrome,23,red,gade,5,6,blue,6/16/2019,16:25,9436,4105,4,2,"0
"
78,6,3,50,false,polychrome,11,purple,toma,10,9,green,6/16/2019,16:26,8858,4891,3,1,"0
"
78,7,0,50,false,attncheck,11,purple,toma,10,9,green,6/16/2019,16:26,8858,4891,3,1,"8
"
12,1,6,48,true,monochrome,23,red,toma,13,15,blue,6/16/2019,16:26,16880,9386,3,2,"0
"
12,2,2,63,true,contrast,8,red,blicket,19,2,green,6/16/2019,16:26,20198,5248,4,3,"0
"
12,3,4,79,true,polychrome,22,green,wug,1,24,blue,6/16/2019,16:27,12351,5734,3,1,"0
"
12,4,1,87,false,contrast,12,red,gade,21,16,purple,6/16/2019,16:27,10793,5580,4,3,"0
"
12,5,3,56,false,polychrome,14,purple,dax,3,10,red,6/16/2019,16:27,9350,2926,3,1,"0
"
12,6,5,86,false,monochrome,6,green,sprock,20,9,blue,6/16/2019,16:28,10230,13961,3,2,"0
"
12,7,0,86,false,attncheck,6,green,sprock,20,9,blue,6/16/2019,16:28,10230,13961,3,2,"7
"
93,1,6,27,true,monochrome,21,purple,sprock,5,20,blue,6/16/2019,14:33,15100,7275,3,2,"0
"
93,2,4,51,true,polychrome,6,red,dax,17,18,green,6/16/2019,14:33,11575,5029,4,2,"0
"
93,3,2,46,true,contrast,9,purple,toma,16,24,red,6/16/2019,14:33,8752,4372,4,3,"0
"
93,4,3,48,false,polychrome,8,blue,blicket,23,1,purple,6/16/2019,14:34,9278,3465,3,2,"0
"
93,5,5,50,false,monochrome,3,green,wug,14,4,blue,6/16/2019,14:34,11487,2629,3,2,"0
"
93,6,1,47,false,contrast,19,green,gade,12,2,red,6/16/2019,14:34,12993,5268,3,4,"0
"
93,7,0,47,false,attncheck,19,green,gade,12,2,red,6/16/2019,14:34,12993,5268,3,4,"7
"
13,1,1,50,false,contrast,21,green,dax,23,24,blue,6/16/2019,14:32,12038,17399,3,4,"0
"
13,2,3,100,false,polychrome,14,purple,gade,19,9,blue,6/16/2019,14:32,8508,6487,4,1,"0
"
13,3,2,50,true,contrast,13,red,toma,12,18,green,6/16/2019,14:32,7804,8148,4,3,"0
"
13,4,6,100,true,monochrome,17,blue,sprock,16,10,purple,6/16/2019,14:33,19558,6802,4,2,"0
"
13,5,4,50,true,polychrome,22,red,wug,11,2,blue,6/16/2019,14:33,9561,7340,4,1,"0
"
13,6,5,50,false,monochrome,6,purple,blicket,1,15,blue,6/16/2019,14:33,10269,7994,4,2,"0
"
13,7,0,50,false,attncheck,6,purple,blicket,1,15,blue,6/16/2019,14:33,10269,7994,4,2,"7
"
118,1,3,35,false,polychrome,2,red,toma,15,16,blue,6/16/2019,16:36,12284,18048,4,1,"0
"
118,2,2,50,true,contrast,24,red,sprock,7,8,purple,6/16/2019,16:37,13016,6333,3,4,"0
"
118,3,4,50,true,polychrome,21,purple,blicket,13,3,green,6/16/2019,16:37,8693,4758,4,1,"0
"
118,4,5,50,false,monochrome,14,blue,dax,4,20,purple,6/16/2019,16:37,9334,3771,3,2,"0
"
118,5,1,50,false,contrast,23,red,wug,5,12,green,6/16/2019,16:38,9389,6434,4,3,"0
"
118,6,6,50,true,monochrome,11,red,gade,6,1,green,6/16/2019,16:38,26877,5122,3,1,"0
"
118,7,0,50,true,attncheck,11,red,gade,6,1,green,6/16/2019,16:38,26877,5122,3,1,"6
"
43,1,1,100,false,contrast,1,purple,sprock,13,20,green,6/16/2019,15:31,16215,8572,4,3,"0
"
43,2,4,50,true,polychrome,11,blue,wug,14,15,red,6/16/2019,15:31,13476,7117,3,1,"0
"
43,3,3,50,false,polychrome,22,blue,gade,19,6,green,6/16/2019,15:31,15181,5955,3,2,"0
"
43,4,2,50,true,contrast,23,green,dax,24,16,blue,6/16/2019,15:32,11942,5031,4,3,"0
"
43,5,5,50,false,monochrome,12,blue,blicket,5,4,purple,6/16/2019,15:32,12196,6548,3,2,"0
"
43,6,6,50,true,monochrome,8,green,toma,9,18,purple,6/16/2019,15:32,11053,5301,3,2,"0
"
43,7,0,50,true,attncheck,8,green,toma,9,18,purple,6/16/2019,15:32,11053,5301,3,2,"8
"
33,1,6,12,true,monochrome,3,blue,gade,20,17,purple,6/16/2019,22:37,16288,7282,3,2,"0
"
33,2,2,25,true,contrast,4,green,dax,2,21,purple,6/16/2019,22:37,10002,5203,4,3,"0
"
33,3,5,50,false,monochrome,22,blue,blicket,8,14,purple,6/16/2019,22:37,11494,14947,4,1,"0
"
33,4,1,50,false,contrast,23,purple,sprock,6,12,red,6/16/2019,22:38,7448,11150,3,4,"0
"
33,5,4,50,true,polychrome,5,purple,wug,10,19,red,6/16/2019,22:38,8229,8103,4,1,"0
"
33,6,3,50,false,polychrome,9,red,toma,13,11,green,6/16/2019,22:38,12522,5834,4,1,"0
"
33,7,0,50,false,attncheck,9,red,toma,13,11,green,6/16/2019,22:38,12522,5834,4,1,"7
"
53,1,6,24,true,monochrome,10,blue,dax,7,16,red,6/16/2019,16:28,12884,6350,4,1,"0
"
53,2,2,7,true,contrast,13,purple,blicket,2,1,red,6/16/2019,16:28,7357,2685,3,4,"0
"
53,3,5,25,false,monochrome,22,red,gade,17,12,purple,6/16/2019,16:28,9532,4662,4,2,"0
"
53,4,4,21,true,polychrome,24,green,toma,15,11,purple,6/16/2019,16:29,6689,5228,3,1,"0
"
53,5,1,9,false,contrast,5,red,wug,23,14,blue,6/16/2019,16:29,7918,9678,3,4,"0
"
53,6,3,13,false,polychrome,6,purple,sprock,8,18,green,6/16/2019,16:29,7576,2957,4,1,"0
"
53,7,0,13,false,attncheck,6,purple,sprock,8,18,green,6/16/2019,16:29,7576,2957,4,1,"7
"
66,1,2,50,true,contrast,15,purple,dax,9,2,green,6/16/2019,15:29,17275,27400,4,3,"0
"
66,2,3,20,false,polychrome,12,purple,gade,22,5,red,6/16/2019,15:30,15858,19930,3,1,"0
"
66,3,4,0,true,polychrome,13,blue,blicket,14,7,red,6/16/2019,15:30,14096,17060,3,1,"0
"
66,4,6,80,true,monochrome,8,purple,sprock,24,1,red,6/16/2019,15:32,10275,73627,4,1,"0
"
66,5,5,50,false,monochrome,10,green,toma,3,4,red,6/16/2019,15:32,14036,20489,4,2,"0
"
66,6,1,33,false,contrast,20,green,wug,16,18,blue,6/16/2019,15:33,18855,14458,3,4,"0
"
66,7,0,33,false,attncheck,20,green,wug,16,18,blue,6/16/2019,15:33,18855,14458,3,4,"7
"
88,1,2,100,true,contrast,7,red,gade,11,5,green,6/16/2019,16:22,14628,21870,3,4,"0
"
88,2,6,100,true,monochrome,16,red,toma,4,23,blue,6/16/2019,16:22,12582,9566,3,1,"0
"
88,3,3,100,false,polychrome,20,purple,dax,24,21,red,6/16/2019,16:23,11967,10527,3,1,"0
"
88,4,4,77,true,polychrome,13,green,wug,22,14,red,6/16/2019,16:23,10165,8987,3,1,"0
"
88,5,1,50,false,contrast,18,green,sprock,3,6,red,6/16/2019,16:23,9717,5177,3,4,"0
"
88,6,5,50,false,monochrome,17,green,blicket,2,9,red,6/16/2019,16:24,9996,4182,4,1,"0
"
88,7,0,50,false,attncheck,17,green,blicket,2,9,red,6/16/2019,16:24,9996,4182,4,1,"7
"
76,1,5,70,false,monochrome,22,blue,sprock,17,20,green,6/16/2019,16:43,12485,7956,4,1,"0
"
76,2,4,30,true,polychrome,4,green,toma,9,3,purple,6/16/2019,16:44,9953,4245,4,1,"0
"
76,3,6,50,true,monochrome,18,blue,wug,10,21,red,6/16/2019,16:44,8876,2578,3,1,"0
"
76,4,1,100,false,contrast,5,green,gade,15,24,red,6/16/2019,16:44,10847,4104,3,4,"0
"
76,5,3,100,false,polychrome,6,blue,blicket,1,7,purple,6/16/2019,16:44,7009,5641,3,1,"0
"
76,6,2,33,true,contrast,14,blue,dax,19,11,red,6/16/2019,16:44,7077,6557,3,4,"0
"
76,7,0,33,true,attncheck,14,blue,dax,19,11,red,6/16/2019,16:44,7077,6557,3,4,"7
"
42,1,1,51,false,contrast,19,blue,dax,7,9,green,6/16/2019,13:22,7070,5394,4,3,"0
"
42,2,3,50,false,polychrome,23,purple,sprock,22,12,blue,6/16/2019,13:23,8537,2168,3,2,"0
"
42,3,4,50,true,polychrome,14,blue,gade,10,17,purple,6/16/2019,13:23,10162,2933,3,1,"0
"
42,4,2,51,true,contrast,2,green,wug,20,5,blue,6/16/2019,13:23,7031,2672,3,4,"0
"
42,5,6,52,true,monochrome,13,blue,blicket,8,16,green,6/16/2019,13:23,7712,2531,4,2,"0
"
42,6,5,51,false,monochrome,18,red,toma,3,21,green,6/16/2019,13:23,7380,2435,3,2,"0
"
42,7,0,51,false,attncheck,18,red,toma,3,21,green,6/16/2019,13:23,7380,2435,3,2,"5
"
81,1,6,32,true,monochrome,9,purple,wug,6,18,blue,6/16/2019,15:35,26346,44011,4,1,"0
"
81,2,4,51,true,polychrome,8,blue,sprock,2,14,red,6/16/2019,15:36,20033,29775,3,2,"0
"
81,3,1,99,false,contrast,21,green,toma,1,22,purple,6/16/2019,15:36,10589,13126,3,4,"0
"
81,4,2,51,true,contrast,11,green,blicket,4,13,purple,6/16/2019,15:36,9108,13509,3,4,"0
"
81,5,5,100,false,monochrome,5,green,dax,23,20,purple,6/16/2019,15:37,8437,6565,3,1,"0
"
81,6,3,26,false,polychrome,7,red,gade,24,17,green,6/16/2019,15:37,11497,15920,3,2,"0
"
81,7,0,26,false,attncheck,7,red,gade,24,17,green,6/16/2019,15:37,11497,15920,3,2,"8
"
37,1,6,50,true,monochrome,10,green,blicket,3,7,red,6/16/2019,13:20,14771,20135,3,1,"0
"
37,2,3,50,false,polychrome,8,red,toma,17,5,purple,6/16/2019,13:21,7997,12333,3,2,"0
"
37,3,2,25,true,contrast,20,purple,gade,16,4,blue,6/16/2019,13:21,11277,12733,4,3,"0
"
37,4,5,50,false,monochrome,21,green,sprock,24,15,blue,6/16/2019,13:21,10953,4337,4,2,"0
"
37,5,1,25,false,contrast,14,purple,dax,22,1,red,6/16/2019,13:22,10249,5740,3,4,"0
"
37,6,4,50,true,polychrome,19,green,wug,9,23,purple,6/16/2019,13:22,8881,10868,4,2,"0
"
37,7,0,50,true,attncheck,19,green,wug,9,23,purple,6/16/2019,13:22,8881,10868,4,2,"5
"
22,1,5,75,false,monochrome,1,purple,toma,22,10,blue,6/16/2019,16:30,13682,6555,4,2,"0
"
22,2,3,50,false,polychrome,15,purple,gade,21,3,red,6/16/2019,16:30,9506,4744,4,2,"0
"
22,3,4,25,true,polychrome,6,blue,dax,13,24,green,6/16/2019,16:31,12466,8603,4,1,"0
"
22,4,1,100,false,contrast,16,green,blicket,2,4,red,6/16/2019,16:31,10440,3529,3,4,"0
"
22,5,6,25,true,monochrome,12,green,wug,5,11,blue,6/16/2019,16:31,8595,5363,4,1,"0
"
22,6,2,25,true,contrast,17,purple,sprock,9,20,red,6/16/2019,16:32,7920,8164,3,4,"0
"
22,7,0,25,true,attncheck,17,purple,sprock,9,20,red,6/16/2019,16:32,7920,8164,3,4,"6
"
28,1,5,20,false,monochrome,23,purple,blicket,8,2,blue,6/16/2019,16:22,35410,23022,4,2,"0
"
28,2,1,15,false,contrast,24,purple,toma,20,10,blue,6/16/2019,16:23,24641,13255,4,3,"0
"
28,3,3,20,false,polychrome,17,blue,gade,4,1,red,6/16/2019,16:23,15333,8256,4,1,"0
"
28,4,2,5,true,contrast,3,blue,dax,6,14,purple,6/16/2019,16:24,11430,15842,4,3,"0
"
28,5,4,10,true,polychrome,13,green,sprock,7,22,blue,6/16/2019,16:24,14021,8259,3,1,"0
"
28,6,6,15,true,monochrome,9,purple,wug,12,18,green,6/16/2019,16:25,12607,10043,4,2,"0
"
28,7,0,15,true,attncheck,9,purple,wug,12,18,green,6/16/2019,16:25,12607,10043,4,2,"8
"
26,1,2,80,true,contrast,12,green,blicket,10,24,red,6/16/2019,13:57,18714,14008,3,4,"0
"
26,2,6,76,true,monochrome,1,blue,toma,18,3,purple,6/16/2019,13:57,10488,8485,4,2,"0
"
26,3,3,77,false,polychrome,15,blue,dax,6,5,red,6/16/2019,13:57,9215,6017,4,2,"0
"
26,4,5,78,false,monochrome,13,red,sprock,23,9,green,6/16/2019,13:58,7940,6185,3,2,"0
"
26,5,1,80,false,contrast,17,green,gade,7,16,blue,6/16/2019,13:58,7104,3213,3,4,"0
"
26,6,4,80,true,polychrome,22,red,wug,4,2,blue,6/16/2019,13:58,7554,5414,4,2,"0
"
26,7,0,80,true,attncheck,22,red,wug,4,2,blue,6/16/2019,13:58,7554,5414,4,2,"7
"
14,1,3,51,false,polychrome,13,blue,wug,1,17,green,6/16/2019,16:33,22791,7587,3,1,"0
"
14,2,5,69,false,monochrome,11,blue,dax,10,16,green,6/16/2019,16:34,38866,21212,3,1,"0
"
14,3,1,57,false,contrast,24,red,blicket,19,15,blue,6/16/2019,16:35,14695,12567,3,4,"0
"
14,4,2,58,true,contrast,18,green,toma,23,6,blue,6/16/2019,16:35,7575,27493,3,4,"0
"
14,5,6,60,true,monochrome,20,purple,sprock,2,14,red,6/16/2019,16:36,7423,5248,4,2,"0
"
14,6,4,16,true,polychrome,3,purple,gade,8,7,blue,6/16/2019,16:36,8566,2771,4,2,"0
"
14,7,0,16,true,attncheck,3,purple,gade,8,7,blue,6/16/2019,16:36,8566,2771,4,2,"5
"
90,1,2,50,true,contrast,22,blue,sprock,18,13,red,6/16/2019,16:32,20495,17862,4,3,"0
"
90,2,1,50,false,contrast,17,purple,toma,24,16,green,6/16/2019,16:32,20088,11838,3,4,"0
"
90,3,5,50,false,monochrome,11,purple,dax,7,14,green,6/16/2019,16:33,9851,17325,4,2,"0
"
90,4,6,50,true,monochrome,2,purple,blicket,6,8,red,6/16/2019,16:33,8099,6627,4,2,"0
"
90,5,4,50,true,polychrome,20,purple,wug,1,19,red,6/16/2019,16:33,7589,6801,4,1,"0
"
90,6,3,50,false,polychrome,12,green,gade,9,23,purple,6/16/2019,16:34,7557,8964,4,2,"0
"
90,7,0,50,false,attncheck,12,green,gade,9,23,purple,6/16/2019,16:34,7557,8964,4,2,"7
"
69,1,3,46,false,polychrome,8,purple,toma,4,21,green,6/16/2019,16:57,16962,11629,3,1,"0
"
69,2,1,23,false,contrast,3,purple,dax,23,24,blue,6/16/2019,16:57,8438,6925,3,4,"0
"
69,3,5,19,false,monochrome,7,purple,blicket,16,12,green,6/16/2019,16:57,8993,6473,4,2,"0
"
69,4,2,51,true,contrast,10,blue,wug,14,19,purple,6/16/2019,16:58,13009,3696,4,3,"0
"
69,5,4,46,true,polychrome,18,purple,sprock,5,17,green,6/16/2019,16:58,10009,3240,3,1,"0
"
69,6,6,52,true,monochrome,1,blue,gade,6,15,green,6/16/2019,16:58,7778,4782,4,2,"0
"
69,7,0,52,true,attncheck,1,blue,gade,6,15,green,6/16/2019,16:58,7778,4782,4,2,"7
"
38,1,5,56,false,monochrome,16,red,wug,3,7,green,6/16/2019,16:21,16644,5943,4,2,"0
"
38,2,1,51,false,contrast,23,red,blicket,9,6,green,6/16/2019,16:21,9349,5318,3,4,"0
"
38,3,2,49,true,contrast,18,red,gade,19,14,green,6/16/2019,16:21,9780,3366,4,3,"0
"
38,4,3,52,false,polychrome,4,purple,sprock,17,1,red,6/16/2019,16:21,8152,5471,3,2,"0
"
38,5,6,33,true,monochrome,20,purple,dax,12,22,green,6/16/2019,16:22,9648,3483,3,1,"0
"
38,6,4,33,true,polychrome,15,purple,toma,21,2,green,6/16/2019,16:22,7587,6421,3,2,"0
"
38,7,0,33,true,attncheck,15,purple,toma,21,2,green,6/16/2019,16:22,7587,6421,3,2,"7
"
56,1,3,42,false,polychrome,1,purple,sprock,4,10,green,6/16/2019,16:23,11629,10273,3,2,"0
"
56,2,6,32,true,monochrome,20,purple,dax,11,18,green,6/16/2019,16:23,10498,11845,4,2,"0
"
56,3,4,11,true,polychrome,5,blue,gade,3,6,red,6/16/2019,16:24,10165,6261,4,2,"0
"
56,4,5,50,false,monochrome,19,red,wug,14,24,purple,6/16/2019,16:24,7897,9179,4,2,"0
"
56,5,2,7,true,contrast,21,purple,toma,16,8,blue,6/16/2019,16:24,8350,4880,3,4,"0
"
56,6,1,20,false,contrast,15,blue,blicket,12,17,green,6/16/2019,16:24,8798,5728,3,4,"0
"
56,7,0,20,false,attncheck,15,blue,blicket,12,17,green,6/16/2019,16:24,8798,5728,3,4,"7
"
91,1,5,50,false,monochrome,3,blue,sprock,21,13,purple,6/16/2019,13:18,16318,5562,4,1,"0
"
91,2,2,50,true,contrast,15,purple,dax,19,7,blue,6/16/2019,13:19,9875,6057,4,3,"0
"
91,3,1,50,false,contrast,4,green,wug,14,11,blue,6/16/2019,13:19,29047,3992,4,3,"0
"
91,4,6,52,true,monochrome,9,blue,toma,1,8,green,6/16/2019,13:20,7851,4318,4,2,"0
"
91,5,3,61,false,polychrome,22,blue,blicket,5,12,green,6/16/2019,13:20,15141,2552,3,1,"0
"
91,6,4,61,true,polychrome,2,blue,gade,6,16,red,6/16/2019,13:20,6547,3496,4,1,"0
"
91,7,0,61,true,attncheck,2,blue,gade,6,16,red,6/16/2019,13:20,6547,3496,4,1,"5
"
47,1,6,30,true,monochrome,20,red,blicket,5,4,blue,6/16/2019,16:43,17655,21184,3,2,"0
"
47,2,5,33,false,monochrome,3,red,wug,17,9,green,6/16/2019,16:43,9570,18620,3,2,"0
"
47,3,3,46,false,polychrome,23,green,sprock,19,18,red,6/16/2019,16:44,15130,15243,4,2,"0
"
47,4,4,31,true,polychrome,10,blue,dax,24,2,red,6/16/2019,16:44,7624,5462,4,2,"0
"
47,5,1,99,false,contrast,14,blue,gade,6,7,red,6/16/2019,16:44,12722,6538,3,4,"0
"
47,6,2,33,true,contrast,13,green,toma,11,15,red,6/16/2019,16:45,7407,6849,3,4,"0
"
47,7,0,33,true,attncheck,13,green,toma,11,15,red,6/16/2019,16:45,7407,6849,3,4,"7
"
8,1,5,42,false,monochrome,23,red,blicket,17,21,green,6/16/2019,16:31,16794,9001,3,1,"0
"
8,2,2,78,true,contrast,7,red,toma,5,8,green,6/16/2019,16:31,9834,5297,4,3,"0
"
8,3,4,61,true,polychrome,9,green,gade,16,22,red,6/16/2019,16:31,8121,2510,3,2,"0
"
8,4,4,61,true,polychrome,9,green,gade,16,22,red,6/16/2019,16:31,8121,2915,3,2,"0
"
8,5,6,90,true,monochrome,14,blue,wug,2,11,red,6/16/2019,16:31,6891,2506,3,1,"0
"
8,6,1,62,false,contrast,4,purple,sprock,12,1,blue,6/16/2019,16:31,7759,2532,3,4,"0
"
8,7,0,62,false,attncheck,4,purple,sprock,12,1,blue,6/16/2019,16:31,7759,2532,3,4,"6
"
19,1,1,21,false,contrast,20,blue,gade,8,2,green,6/16/2019,16:19,14905,8808,3,4,"0
"
19,2,4,8,true,polychrome,19,purple,blicket,15,23,red,6/16/2019,16:19,11616,8332,4,2,"0
"
19,3,5,45,false,monochrome,12,purple,wug,24,4,red,6/16/2019,16:19,10821,8765,3,1,"0
"
19,4,3,26,false,polychrome,5,purple,toma,18,13,red,6/16/2019,16:20,9315,6998,4,2,"0
"
19,5,6,27,true,monochrome,3,blue,dax,17,16,purple,6/16/2019,16:20,9938,6557,4,2,"0
"
19,6,2,12,true,contrast,14,purple,sprock,11,21,green,6/16/2019,16:20,9600,7042,3,4,"0
"
19,7,0,12,true,attncheck,14,purple,sprock,11,21,green,6/16/2019,16:20,9600,7042,3,4,"6
"
87,1,1,52,false,contrast,22,red,dax,16,5,green,6/16/2019,15:50,24850,31301,3,4,"0
"
87,2,3,74,false,polychrome,8,blue,sprock,15,20,green,6/16/2019,15:50,11470,6274,4,1,"0
"
87,3,5,36,false,monochrome,24,green,wug,14,7,blue,6/16/2019,15:50,11953,3057,3,2,"0
"
87,4,2,27,true,contrast,21,red,gade,12,13,blue,6/16/2019,15:51,9448,5123,4,3,"0
"
87,5,6,51,true,monochrome,17,green,blicket,4,10,purple,6/16/2019,15:51,18935,4192,4,2,"0
"
87,6,4,58,true,polychrome,6,red,toma,9,2,purple,6/16/2019,15:51,11822,3836,3,1,"0
"
87,7,0,58,true,attncheck,6,red,toma,9,2,purple,6/16/2019,15:51,11822,3836,3,1,"8
"
70,1,6,43,true,monochrome,22,blue,blicket,17,24,purple,6/16/2019,17:13,9663,11191,4,2,"0
"
70,2,4,49,true,polychrome,11,blue,toma,4,6,purple,6/16/2019,17:14,10405,6654,3,1,"0
"
70,3,2,45,true,contrast,12,red,wug,9,21,purple,6/16/2019,17:14,9808,3826,4,3,"0
"
70,4,5,38,false,monochrome,10,blue,gade,18,2,red,6/16/2019,17:14,12578,5279,3,2,"0
"
70,5,3,34,false,polychrome,20,purple,sprock,13,15,red,6/16/2019,17:14,8533,4460,3,2,"0
"
70,6,1,90,false,contrast,19,purple,dax,5,1,red,6/16/2019,17:15,16153,3514,3,4,"0
"
70,7,0,90,false,attncheck,19,purple,dax,5,1,red,6/16/2019,17:15,16153,3514,3,4,"7
"
25,1,3,100,false,polychrome,14,purple,wug,4,3,red,6/16/2019,16:31,14049,12688,3,1,"0
"
25,2,4,50,true,polychrome,10,purple,dax,21,2,green,6/16/2019,16:31,12944,6191,3,2,"0
"
25,3,1,50,false,contrast,11,purple,gade,23,12,green,6/16/2019,16:31,10161,5218,3,4,"0
"
25,4,6,50,true,monochrome,9,blue,blicket,19,22,green,6/16/2019,16:32,9993,4079,4,2,"0
"
25,5,2,50,true,contrast,5,green,toma,6,18,blue,6/16/2019,16:32,8745,7055,3,4,"0
"
25,6,5,50,false,monochrome,17,green,sprock,1,24,red,6/16/2019,16:32,11209,5047,4,1,"0
"
25,7,0,50,false,attncheck,17,green,sprock,1,24,red,6/16/2019,16:32,11209,5047,4,1,"6
"
89,1,3,58,false,polychrome,10,purple,sprock,3,16,red,6/16/2019,16:20,10080,6094,4,2,"0
"
89,2,6,34,true,monochrome,23,blue,dax,6,1,red,6/16/2019,16:20,8093,6313,3,2,"0
"
89,3,2,35,true,contrast,9,purple,blicket,4,22,red,6/16/2019,16:20,7693,4562,3,4,"0
"
89,4,4,33,true,polychrome,18,red,toma,7,19,purple,6/16/2019,16:20,7797,4533,4,2,"0
"
89,5,5,49,false,monochrome,12,purple,gade,2,11,green,6/16/2019,16:21,8990,3993,4,1,"0
"
89,6,1,44,false,contrast,13,purple,wug,14,17,green,6/16/2019,16:21,11150,2704,3,4,"0
"
89,7,0,44,false,attncheck,13,purple,wug,14,17,green,6/16/2019,16:21,11150,2704,3,4,"7
"
7,1,4,50,true,polychrome,3,purple,toma,15,22,green,6/16/2019,16:37,29550,13631,4,2,"0
"
7,2,1,25,false,contrast,5,red,sprock,7,4,purple,6/16/2019,16:38,14681,9897,4,3,"0
"
7,3,2,50,true,contrast,1,red,gade,21,20,purple,6/16/2019,16:38,13095,8201,3,4,"0
"
7,4,5,50,false,monochrome,14,blue,blicket,23,17,green,6/16/2019,16:38,14811,6131,3,1,"0
"
7,5,6,50,true,monochrome,8,blue,dax,19,16,green,6/16/2019,16:39,13803,6453,3,2,"0
"
7,6,3,50,false,polychrome,10,blue,wug,13,12,green,6/16/2019,16:39,15570,3854,4,1,"0
"
7,7,0,50,false,attncheck,10,blue,wug,13,12,green,6/16/2019,16:39,15570,3854,4,1,"8
"
44,1,2,20,true,contrast,15,red,wug,9,12,green,6/16/2019,16:25,20648,25451,4,3,"0
"
44,2,1,50,false,contrast,22,purple,toma,6,2,blue,6/16/2019,16:27,12248,48326,3,4,"0
"
44,3,5,24,false,monochrome,14,purple,blicket,24,18,green,6/16/2019,16:28,14904,51629,3,2,"0
"
44,4,3,24,false,polychrome,13,green,dax,19,1,red,6/16/2019,16:28,11756,17508,4,2,"0
"
44,5,4,25,true,polychrome,3,blue,sprock,7,10,green,6/16/2019,16:29,15158,13468,4,2,"0
"
44,6,6,24,true,monochrome,20,red,gade,11,16,green,6/16/2019,16:29,12563,16329,3,1,"0
"
44,7,0,24,true,attncheck,20,red,gade,11,16,green,6/16/2019,16:29,12563,16329,3,1,"8
"
39,1,4,23,true,polychrome,12,purple,dax,19,20,red,6/16/2019,16:57,21958,39410,4,2,"0
"
39,2,2,11,true,contrast,17,blue,toma,15,3,red,6/16/2019,16:57,7577,10902,4,3,"0
"
39,3,3,13,false,polychrome,4,purple,gade,22,14,red,6/16/2019,16:58,7438,9484,3,1,"0
"
39,4,6,22,true,monochrome,21,red,sprock,5,7,purple,6/16/2019,16:58,8114,21950,4,2,"0
"
39,5,5,12,false,monochrome,24,purple,blicket,18,11,red,6/16/2019,16:58,7316,9121,3,2,"0
"
39,6,1,21,false,contrast,13,green,wug,8,23,blue,6/16/2019,16:59,7541,3932,3,4,"0
"
39,7,0,21,false,attncheck,13,green,wug,8,23,blue,6/16/2019,16:59,7541,3932,3,4,"7
"
99,1,1,49,false,contrast,5,green,wug,22,18,blue,6/16/2019,15:36,12067,21648,4,3,"0
"
99,2,3,50,false,polychrome,20,blue,dax,12,4,purple,6/16/2019,15:37,11737,4939,4,2,"0
"
99,3,5,42,false,monochrome,21,blue,blicket,14,23,purple,6/16/2019,15:37,11591,8221,3,1,"0
"
99,4,6,42,true,monochrome,7,green,sprock,15,11,red,6/16/2019,15:37,8763,9068,3,2,"0
"
99,5,4,33,true,polychrome,1,blue,gade,9,13,green,6/16/2019,15:37,10329,2112,3,1,"0
"
99,6,2,42,true,contrast,16,blue,toma,24,10,purple,6/16/2019,15:38,8581,3363,3,4,"0
"
99,7,0,42,true,attncheck,16,blue,toma,24,10,purple,6/16/2019,15:38,8581,3363,3,4,"4
"
95,1,4,24,true,polychrome,19,purple,blicket,15,2,red,6/16/2019,16:36,19563,5765,3,1,"0
"
95,2,1,52,false,contrast,5,green,wug,8,13,purple,6/16/2019,16:37,8591,3126,4,3,"0
"
95,3,3,83,false,polychrome,18,blue,sprock,1,11,purple,6/16/2019,16:37,7758,2381,4,1,"0
"
95,4,6,51,true,monochrome,4,blue,toma,6,7,purple,6/16/2019,16:37,7456,3814,4,2,"0
"
95,5,5,75,false,monochrome,20,purple,gade,9,3,green,6/16/2019,16:37,11445,3829,4,2,"0
"
95,6,2,48,true,contrast,14,green,dax,21,22,red,6/16/2019,16:37,7632,1900,3,4,"0
"
95,7,0,48,true,attncheck,14,green,dax,21,22,red,6/16/2019,16:37,7632,1900,3,4,"8
"
83,1,1,35,false,contrast,5,blue,blicket,2,12,red,6/16/2019,16:37,11337,13399,4,3,"0
"
83,2,3,57,false,polychrome,9,red,dax,7,19,purple,6/16/2019,16:38,12608,6757,4,2,"0
"
83,3,4,30,true,polychrome,6,green,sprock,15,21,purple,6/16/2019,16:38,12002,13209,4,1,"0
"
83,4,6,16,true,monochrome,8,red,wug,16,24,blue,6/16/2019,16:38,12612,8998,3,2,"0
"
83,5,2,29,true,contrast,17,green,toma,14,20,red,6/16/2019,16:39,20181,4086,3,4,"0
"
83,6,5,70,false,monochrome,18,red,gade,4,22,purple,6/16/2019,16:39,8691,2034,3,1,"0
"
83,7,0,70,false,attncheck,18,red,gade,4,22,purple,6/16/2019,16:39,8691,2034,3,1,"6
"
86,1,5,52,false,monochrome,17,green,blicket,16,4,purple,6/16/2019,16:35,14118,7301,4,1,"0
"
86,2,4,27,true,polychrome,13,purple,sprock,21,6,red,6/16/2019,16:35,10955,3846,3,1,"0
"
86,3,6,53,true,monochrome,2,blue,dax,22,20,red,6/16/2019,16:35,10334,2438,3,2,"0
"
86,4,1,79,false,contrast,19,red,toma,11,5,purple,6/16/2019,16:35,10620,2762,4,3,"0
"
86,5,3,89,false,polychrome,9,purple,gade,10,23,blue,6/16/2019,16:36,16039,1960,4,1,"0
"
86,6,2,40,true,contrast,1,red,wug,12,7,blue,6/16/2019,16:36,13911,2160,3,4,"0
"
86,7,0,40,true,attncheck,1,red,wug,12,7,blue,6/16/2019,16:36,13911,2160,3,4,"7
"
3,1,6,59,true,monochrome,9,green,toma,2,4,blue,6/16/2019,16:30,12831,7165,4,2,"0
"
3,2,5,59,false,monochrome,20,purple,sprock,15,21,red,6/16/2019,16:30,8964,4221,4,1,"0
"
3,3,4,60,true,polychrome,3,green,blicket,7,5,red,6/16/2019,16:30,7653,2423,3,2,"0
"
3,4,1,50,false,contrast,13,purple,gade,16,14,red,6/16/2019,16:30,7526,2650,4,3,"0
"
3,5,2,51,true,contrast,17,green,wug,8,22,blue,6/16/2019,16:30,7861,3429,4,3,"0
"
3,6,3,58,false,polychrome,18,blue,dax,19,10,green,6/16/2019,16:31,7245,2798,4,1,"0
"
3,7,0,58,false,attncheck,18,blue,dax,19,10,green,6/16/2019,16:31,7245,2798,4,1,"5
"
115,1,2,22,true,contrast,4,purple,dax,14,24,green,6/16/2019,16:24,19028,7140,3,4,"0
"
115,2,4,22,true,polychrome,16,purple,wug,15,21,green,6/16/2019,16:25,9265,8255,3,2,"0
"
115,3,6,48,true,monochrome,2,red,sprock,17,11,purple,6/16/2019,16:25,8543,2860,4,2,"0
"
115,4,3,14,false,polychrome,12,green,blicket,3,8,purple,6/16/2019,16:25,6961,2153,3,1,"0
"
115,5,1,53,false,contrast,10,purple,toma,6,22,green,6/16/2019,16:25,7694,3610,3,4,"0
"
115,6,5,71,false,monochrome,13,blue,gade,20,7,green,6/16/2019,16:26,6897,2775,4,2,"0
"
115,7,0,71,false,attncheck,13,blue,gade,20,7,green,6/16/2019,16:26,6897,2775,4,2,"6
"
27,1,1,86,false,contrast,19,green,gade,9,11,purple,6/16/2019,16:25,10970,8726,3,4,"0
"
27,2,3,49,false,polychrome,8,blue,blicket,16,2,red,6/16/2019,16:26,10937,3352,4,2,"0
"
27,3,2,51,true,contrast,21,blue,dax,15,23,green,6/16/2019,16:26,7428,5652,4,3,"0
"
27,4,6,52,true,monochrome,18,green,wug,20,13,blue,6/16/2019,16:26,7423,3924,3,2,"0
"
27,5,5,53,false,monochrome,5,green,sprock,14,4,purple,6/16/2019,16:26,6900,2461,3,2,"0
"
27,6,4,50,true,polychrome,24,purple,toma,1,17,red,6/16/2019,16:27,7639,2737,4,1,"0
"
27,7,0,50,true,attncheck,24,purple,toma,1,17,red,6/16/2019,16:27,7639,2737,4,1,"7
"
32,1,4,50,true,polychrome,17,red,sprock,23,11,green,6/16/2019,16:18,15549,7716,3,2,"0
"
32,2,1,50,false,contrast,3,red,gade,12,6,purple,6/16/2019,16:19,12840,4765,3,4,"0
"
32,3,6,50,true,monochrome,7,blue,wug,1,24,red,6/16/2019,16:19,10885,3534,3,1,"0
"
32,4,2,50,true,contrast,10,blue,blicket,15,2,green,6/16/2019,16:19,11462,4944,3,4,"0
"
32,5,3,50,false,polychrome,18,green,toma,14,20,red,6/16/2019,16:20,9889,6544,3,1,"0
"
32,6,5,67,false,monochrome,8,red,dax,5,16,green,6/16/2019,16:20,19140,7394,4,2,"0
"
32,7,0,67,false,attncheck,8,red,dax,5,16,green,6/16/2019,16:20,19140,7394,4,2,"7
"
72,1,6,50,true,monochrome,22,purple,blicket,4,9,green,6/16/2019,16:40,11189,11244,4,2,"0
"
72,2,2,50,true,contrast,11,blue,gade,20,21,green,6/16/2019,16:41,11423,5653,3,4,"0
"
72,3,3,50,false,polychrome,14,green,sprock,23,5,purple,6/16/2019,16:41,11908,6331,4,1,"0
"
72,4,1,50,false,contrast,18,blue,dax,1,15,red,6/16/2019,16:41,8597,5322,3,4,"0
"
72,5,5,50,false,monochrome,10,blue,wug,16,3,purple,6/16/2019,16:43,98373,4299,4,1,"0
"
72,6,4,25,true,polychrome,2,purple,toma,17,12,green,6/16/2019,16:43,10928,4293,4,1,"0
"
72,7,0,25,true,attncheck,2,purple,toma,17,12,green,6/16/2019,16:43,10928,4293,4,1,"3
"
119,1,5,50,false,monochrome,14,blue,dax,10,4,purple,6/16/2019,22:21,34269,13934,4,2,"0
"
119,2,3,50,false,polychrome,13,red,gade,19,8,green,6/16/2019,22:21,11085,6860,4,2,"0
"
119,3,1,50,false,contrast,3,green,wug,5,9,blue,6/16/2019,22:21,10049,5325,3,4,"0
"
119,4,2,50,true,contrast,7,red,toma,17,22,green,6/16/2019,22:22,13395,4773,4,3,"0
"
119,5,4,50,true,polychrome,23,purple,sprock,16,11,red,6/16/2019,22:22,9612,6725,3,2,"0
"
119,6,6,50,true,monochrome,12,green,blicket,15,18,purple,6/16/2019,22:22,12744,5699,4,1,"0
"
119,7,0,50,true,attncheck,12,green,blicket,15,18,purple,6/16/2019,22:22,12744,5699,4,1,"6
"
68,1,1,79,false,contrast,23,green,wug,3,12,red,6/16/2019,16:38,13581,8319,3,4,"0
"
68,2,6,21,true,monochrome,24,purple,gade,14,7,red,6/16/2019,16:38,10852,4173,3,1,"0
"
68,3,3,51,false,polychrome,16,blue,toma,4,6,purple,6/16/2019,16:39,10228,6090,4,2,"0
"
68,4,5,49,false,monochrome,2,purple,dax,11,17,red,6/16/2019,16:39,8821,3864,4,2,"0
"
68,5,2,23,true,contrast,5,blue,blicket,13,20,green,6/16/2019,16:39,8069,4749,4,3,"0
"
68,6,4,17,true,polychrome,15,red,sprock,21,18,green,6/16/2019,16:39,7990,4923,3,2,"0
"
68,7,0,17,true,attncheck,15,red,sprock,21,18,green,6/16/2019,16:39,7990,4923,3,2,"6
"
46,1,4,65,true,polychrome,9,green,gade,12,8,blue,6/16/2019,13:20,18367,13923,4,2,"0
"
46,2,2,50,true,contrast,1,green,wug,21,14,purple,6/16/2019,13:20,11622,5374,4,3,"0
"
46,3,6,50,true,monochrome,15,green,sprock,13,24,purple,6/16/2019,13:20,10263,4841,4,2,"0
"
46,4,1,50,false,contrast,23,green,blicket,6,16,red,6/16/2019,13:20,9360,4376,4,3,"0
"
46,5,5,50,false,monochrome,19,purple,toma,3,2,blue,6/16/2019,13:21,9844,6045,3,2,"0
"
46,6,3,50,false,polychrome,17,purple,dax,20,11,blue,6/16/2019,13:21,8661,4926,4,1,"0
"
46,7,0,50,false,attncheck,17,purple,dax,20,11,blue,6/16/2019,13:21,8661,4926,4,1,"8
"
2,1,5,48,false,monochrome,16,purple,toma,2,11,green,6/16/2019,16:32,17373,6081,4,1,"0
"
2,2,3,26,false,polychrome,6,purple,gade,1,20,red,6/16/2019,16:32,12806,4950,3,2,"0
"
2,3,4,26,true,polychrome,14,red,blicket,8,12,purple,6/16/2019,16:32,10447,5795,4,2,"0
"
2,4,1,15,false,contrast,7,purple,wug,9,21,blue,6/16/2019,16:33,10451,6358,3,4,"0
"
2,5,2,62,true,contrast,22,purple,dax,17,10,green,6/16/2019,16:33,7206,9098,4,3,"0
"
2,6,6,31,true,monochrome,13,green,sprock,15,23,blue,6/16/2019,16:33,6737,9806,3,1,"0
"
2,7,0,31,true,attncheck,13,green,sprock,15,23,blue,6/16/2019,16:33,6737,9806,3,1,"7
"
105,1,6,40,true,monochrome,20,green,wug,5,19,purple,6/16/2019,16:40,18621,26084,4,1,"0
"
105,2,1,35,false,contrast,12,green,sprock,22,7,red,6/16/2019,16:40,11179,20139,3,4,"0
"
105,3,3,50,false,polychrome,13,green,dax,1,9,red,6/16/2019,16:40,10093,6981,4,2,"0
"
105,4,2,50,true,contrast,17,purple,blicket,15,10,green,6/16/2019,16:41,11341,6676,3,4,"0
"
105,5,4,35,true,polychrome,2,purple,gade,16,8,green,6/16/2019,16:41,7614,8193,4,1,"0
"
105,6,5,50,false,monochrome,14,green,toma,23,6,red,6/16/2019,16:41,8863,7364,3,1,"0
"
105,7,0,50,false,attncheck,14,green,toma,23,6,red,6/16/2019,16:41,8863,7364,3,1,"5
"
24,1,2,60,true,contrast,8,purple,toma,17,18,blue,6/17/2019,2:13,9817,11166,4,3,"0
"
24,2,6,13,true,monochrome,23,red,sprock,1,14,green,6/17/2019,2:14,7724,6930,3,1,"0
"
24,3,4,17,true,polychrome,6,red,wug,4,19,green,6/17/2019,2:14,11372,6298,4,2,"0
"
24,4,1,49,false,contrast,24,blue,gade,21,3,purple,6/17/2019,2:14,7720,8902,4,3,"0
"
24,5,5,52,false,monochrome,7,blue,blicket,11,9,red,6/17/2019,2:15,8191,6707,3,1,"0
"
24,6,3,82,false,polychrome,20,purple,dax,16,12,green,6/17/2019,2:15,8575,7170,4,1,"0
"
24,7,0,82,false,attncheck,20,purple,dax,16,12,green,6/17/2019,2:15,8575,7170,4,1,"4
"
17,1,2,10,true,contrast,18,red,wug,16,22,blue,6/16/2019,16:19,14737,11359,4,3,"0
"
17,2,4,10,true,polychrome,11,blue,dax,3,9,green,6/16/2019,16:20,11174,4127,4,2,"0
"
17,3,3,50,false,polychrome,14,purple,gade,1,12,blue,6/16/2019,16:20,9439,13605,4,2,"0
"
17,4,1,40,false,contrast,23,blue,blicket,10,7,red,6/16/2019,16:20,10184,5575,3,4,"0
"
17,5,5,70,false,monochrome,20,purple,toma,15,8,red,6/16/2019,16:21,9482,8214,3,2,"0
"
17,6,6,25,true,monochrome,21,blue,sprock,4,13,purple,6/16/2019,16:21,8089,4308,3,1,"0
"
17,7,0,25,true,attncheck,21,blue,sprock,4,13,purple,6/16/2019,16:21,8089,4308,3,1,"7
"
58,1,3,57,false,polychrome,1,green,sprock,22,6,blue,6/16/2019,16:31,17314,17948,4,1,"0
"
58,2,2,45,true,contrast,9,green,gade,20,17,purple,6/16/2019,16:31,10699,10647,4,3,"0
"
58,3,4,34,true,polychrome,5,green,toma,13,24,purple,6/16/2019,16:31,10816,12008,4,1,"0
"
58,4,1,23,false,contrast,21,green,dax,19,15,blue,6/16/2019,16:32,13373,9455,4,3,"0
"
58,5,6,33,true,monochrome,10,blue,wug,14,4,red,6/16/2019,16:32,7697,9010,4,1,"0
"
58,6,5,16,false,monochrome,7,red,blicket,11,8,purple,6/16/2019,16:33,7124,13752,4,2,"0
"
58,7,0,16,false,attncheck,7,red,blicket,11,8,purple,6/16/2019,16:33,7124,13752,4,2,"8
"
102,1,1,74,false,contrast,13,green,wug,6,3,purple,6/16/2019,15:22,10850,9682,3,4,"0
"
102,2,2,50,true,contrast,16,red,dax,17,7,green,6/16/2019,15:22,11436,5303,4,3,"0
"
102,3,3,70,false,polychrome,21,green,sprock,10,9,purple,6/16/2019,15:22,7662,4791,3,1,"0
"
102,4,5,50,false,monochrome,14,green,gade,12,23,blue,6/16/2019,15:22,8176,4638,3,1,"0
"
102,5,4,50,true,polychrome,4,red,blicket,1,8,blue,6/16/2019,15:23,7280,3175,3,1,"0
"
102,6,6,50,true,monochrome,11,red,toma,22,18,green,6/16/2019,15:23,7334,3863,4,2,"0
"
102,7,0,50,true,attncheck,11,red,toma,22,18,green,6/16/2019,15:23,7334,3863,4,2,"4
"
36,1,4,100,true,polychrome,4,green,gade,22,1,red,6/16/2019,16:52,12339,8328,3,1,"0
"
36,2,3,40,false,polychrome,21,purple,sprock,20,24,red,6/16/2019,16:52,9875,6165,3,2,"0
"
36,3,6,50,true,monochrome,7,green,dax,16,10,purple,6/16/2019,16:52,8068,4575,3,2,"0
"
36,4,5,35,false,monochrome,2,blue,wug,13,18,red,6/16/2019,16:53,8290,6479,4,1,"0
"
36,5,1,40,false,contrast,5,red,blicket,12,14,green,6/16/2019,16:53,7060,3411,3,4,"0
"
36,6,2,51,true,contrast,3,blue,toma,8,11,purple,6/16/2019,16:53,7585,3762,3,4,"0
"
36,7,0,51,true,attncheck,3,blue,toma,8,11,purple,6/16/2019,16:53,7585,3762,3,4,"7
"
60,1,6,50,true,monochrome,9,purple,wug,18,16,blue,6/16/2019,15:24,11725,8559,3,2,"0
"
60,2,4,50,true,polychrome,23,red,dax,5,2,green,6/16/2019,15:24,34580,7739,3,1,"0
"
60,3,2,50,true,contrast,20,blue,blicket,19,21,purple,6/16/2019,15:25,9934,5973,4,3,"0
"
60,4,1,50,false,contrast,17,purple,gade,1,8,green,6/16/2019,15:25,9294,11111,3,4,"0
"
60,5,5,50,false,monochrome,12,purple,sprock,6,14,blue,6/16/2019,15:25,9087,5039,3,1,"0
"
60,6,3,50,false,polychrome,7,red,toma,22,13,green,6/16/2019,15:25,12684,6117,4,1,"0
"
60,7,0,50,false,attncheck,7,red,toma,22,13,green,6/16/2019,15:25,12684,6117,4,1,"5
"
59,1,1,50,false,contrast,14,purple,toma,9,15,green,6/16/2019,16:25,17811,20608,4,3,"0
"
59,2,5,50,false,monochrome,7,blue,gade,19,6,purple,6/16/2019,16:26,9673,7202,4,2,"0
"
59,3,2,50,true,contrast,1,green,sprock,18,21,purple,6/16/2019,16:26,8503,13221,3,4,"0
"
59,4,4,50,true,polychrome,17,red,dax,16,11,purple,6/16/2019,16:26,8275,7123,4,1,"0
"
59,5,3,51,false,polychrome,24,green,wug,10,20,blue,6/16/2019,16:27,10104,7437,3,1,"0
"
59,6,6,50,true,monochrome,8,purple,blicket,22,13,green,6/16/2019,16:27,7439,9210,3,1,"0
"
59,7,0,50,true,attncheck,8,purple,blicket,22,13,green,6/16/2019,16:27,7439,9210,3,1,"7
"
5,1,2,50,true,contrast,7,red,toma,17,12,green,6/16/2019,16:18,13892,8376,4,3,"0
"
5,2,4,50,true,polychrome,14,purple,sprock,2,10,green,6/16/2019,16:19,12883,3636,3,2,"0
"
5,3,3,50,false,polychrome,16,purple,gade,21,23,blue,6/16/2019,16:19,9949,4459,4,2,"0
"
5,4,5,50,false,monochrome,20,red,wug,5,24,blue,6/16/2019,16:19,9216,2223,3,1,"0
"
5,5,1,50,false,contrast,18,purple,dax,3,19,blue,6/16/2019,16:19,8431,2362,3,4,"0
"
5,6,6,50,true,monochrome,11,red,blicket,15,13,green,6/16/2019,16:20,8388,3293,3,1,"0
"
5,7,0,50,true,attncheck,11,red,blicket,15,13,green,6/16/2019,16:20,8388,3293,3,1,"7
"
41,1,5,50,false,monochrome,4,blue,gade,1,6,red,6/16/2019,16:29,11723,3068,3,1,"0
"
41,2,6,30,true,monochrome,23,blue,wug,22,14,purple,6/16/2019,16:29,8936,5387,3,2,"0
"
41,3,2,50,true,contrast,3,blue,dax,5,2,green,6/16/2019,16:29,7058,3529,4,3,"0
"
41,4,1,50,false,contrast,10,purple,sprock,11,20,green,6/16/2019,16:29,6877,8758,3,4,"0
"
41,5,3,50,false,polychrome,15,green,blicket,21,24,purple,6/16/2019,16:30,7385,7793,4,1,"0
"
41,6,4,25,true,polychrome,9,red,toma,8,19,green,6/16/2019,16:30,7425,2979,3,2,"0
"
41,7,0,25,true,attncheck,9,red,toma,8,19,green,6/16/2019,16:30,7425,2979,3,2,"8
"
15,1,1,55,false,contrast,22,blue,dax,17,14,green,6/16/2019,16:31,9778,7641,3,4,"0
"
15,2,5,52,false,monochrome,9,blue,blicket,11,20,purple,6/16/2019,16:32,7509,5858,3,1,"0
"
15,3,4,53,true,polychrome,19,red,wug,3,18,blue,6/16/2019,16:32,9659,3321,3,1,"0
"
15,4,3,42,false,polychrome,6,purple,gade,15,8,blue,6/16/2019,16:32,8212,4778,4,1,"0
"
15,5,6,38,true,monochrome,5,green,toma,21,2,red,6/16/2019,16:32,8264,3489,3,2,"0
"
15,6,2,34,true,contrast,24,red,sprock,1,23,blue,6/16/2019,16:33,9694,7139,4,3,"0
"
15,7,0,34,true,attncheck,24,red,sprock,1,23,blue,6/16/2019,16:33,9694,7139,4,3,"8
"
57,1,6,43,true,monochrome,6,blue,dax,11,15,green,6/16/2019,16:32,44170,24119,4,1,"0
"
57,2,5,4,false,monochrome,24,green,sprock,2,9,purple,6/16/2019,16:32,30783,10533,4,2,"0
"
57,3,2,100,true,contrast,19,green,toma,1,13,blue,6/16/2019,16:33,18128,5238,3,4,"0
"
57,4,4,2,true,polychrome,4,purple,wug,10,7,green,6/16/2019,16:33,24424,3536,4,2,"0
"
57,5,3,54,false,polychrome,8,green,gade,17,20,red,6/16/2019,16:33,12782,5792,3,2,"0
"
57,6,1,74,false,contrast,22,red,blicket,3,5,purple,6/16/2019,16:34,22672,3496,4,3,"0
"
57,7,0,74,false,attncheck,22,red,blicket,3,5,purple,6/16/2019,16:34,22672,3496,4,3,"7
"
30,1,2,58,true,contrast,8,purple,sprock,24,10,blue,6/16/2019,16:23,20206,9566,3,4,"0
"
30,2,1,12,false,contrast,2,red,toma,4,6,green,6/16/2019,16:23,11773,4712,4,3,"0
"
30,3,6,20,true,monochrome,21,purple,blicket,12,1,red,6/16/2019,16:24,9807,5083,3,1,"0
"
30,4,5,31,false,monochrome,20,green,wug,22,16,blue,6/16/2019,16:24,8980,3381,3,1,"0
"
30,5,3,26,false,polychrome,19,blue,gade,18,9,green,6/16/2019,16:24,8934,3320,3,1,"0
"
30,6,4,38,true,polychrome,5,green,dax,23,3,purple,6/16/2019,16:24,8834,7949,4,1,"0
"
30,7,0,38,true,attncheck,5,green,dax,23,3,purple,6/16/2019,16:24,8834,7949,4,1,"7
"
112,1,4,44,true,polychrome,14,red,sprock,16,12,blue,6/16/2019,13:37,23505,16152,4,1,"0
"
112,2,6,78,true,monochrome,19,purple,dax,7,5,green,6/16/2019,13:37,12687,8566,3,1,"0
"
112,3,1,85,false,contrast,21,red,toma,4,18,green,6/16/2019,13:37,12362,10471,3,4,"0
"
112,4,5,97,false,monochrome,10,green,wug,23,1,purple,6/16/2019,13:38,10326,5725,3,1,"0
"
112,5,2,93,true,contrast,11,blue,blicket,2,15,green,6/16/2019,13:38,8072,5147,3,4,"0
"
112,6,3,0,false,polychrome,24,green,gade,13,8,purple,6/16/2019,13:38,9494,8312,4,1,"0
"
112,7,0,0,false,attncheck,24,green,gade,13,8,purple,6/16/2019,13:38,9494,8312,4,1,"7
"
117,1,6,10,true,monochrome,19,green,sprock,24,1,purple,6/16/2019,13:21,15402,20329,4,1,"0
"
117,2,5,10,false,monochrome,23,red,gade,2,14,blue,6/16/2019,13:21,22684,8902,3,2,"0
"
117,3,3,50,false,polychrome,15,green,dax,18,12,blue,6/16/2019,13:22,13762,10024,4,2,"0
"
117,4,4,10,true,polychrome,16,green,toma,3,5,red,6/16/2019,13:22,15289,5966,4,2,"0
"
117,5,1,10,false,contrast,8,purple,wug,7,20,red,6/16/2019,13:22,10878,3787,3,4,"0
"
117,6,2,10,true,contrast,6,purple,blicket,4,21,green,6/16/2019,13:23,14812,8837,3,4,"0
"
117,7,0,10,true,attncheck,6,purple,blicket,4,21,green,6/16/2019,13:23,14812,8837,3,4,"7
"
113,1,6,30,true,monochrome,2,purple,dax,3,23,red,6/16/2019,16:27,14281,8686,4,2,"0
"
113,2,5,50,false,monochrome,1,green,sprock,16,11,blue,6/16/2019,16:28,12629,7447,3,2,"0
"
113,3,3,100,false,polychrome,6,blue,gade,19,15,red,6/16/2019,16:28,9675,6726,4,2,"0
"
113,4,1,50,false,contrast,22,green,blicket,7,18,red,6/16/2019,16:28,7304,4818,3,4,"0
"
113,5,2,50,true,contrast,20,green,toma,5,14,blue,6/16/2019,16:28,8365,4185,3,4,"0
"
113,6,4,30,true,polychrome,12,blue,wug,21,8,purple,6/16/2019,16:29,8646,3250,3,1,"0
"
113,7,0,30,true,attncheck,12,blue,wug,21,8,purple,6/16/2019,16:29,8646,3250,3,1,"7
"
11,1,6,50,true,monochrome,1,blue,blicket,15,14,purple,6/16/2019,13:37,6932,3889,3,2,"0
"
11,2,3,100,false,polychrome,13,blue,dax,4,17,red,6/16/2019,13:37,6929,3383,4,2,"0
"
11,3,1,100,false,contrast,20,green,wug,9,8,purple,6/16/2019,13:38,7399,2612,4,3,"0
"
11,4,4,50,true,polychrome,21,blue,toma,19,11,red,6/16/2019,13:38,7490,3678,4,1,"0
"
11,5,2,50,true,contrast,24,red,sprock,18,5,green,6/16/2019,13:38,7552,3248,3,4,"0
"
11,6,5,100,false,monochrome,23,green,gade,16,10,blue,6/16/2019,13:38,7074,2399,3,2,"0
"
11,7,0,100,false,attncheck,23,green,gade,16,10,blue,6/16/2019,13:38,7074,2399,3,2,"5
"
104,1,6,30,true,monochrome,20,blue,blicket,24,5,red,6/16/2019,15:40,15646,20669,3,2,"0
"
104,2,1,11,false,contrast,18,green,wug,7,2,purple,6/16/2019,15:40,9976,8030,4,3,"0
"
104,3,3,50,false,polychrome,4,purple,sprock,17,21,blue,6/16/2019,15:40,10714,9393,3,1,"0
"
104,4,2,40,true,contrast,11,purple,gade,9,19,green,6/16/2019,15:41,7783,9347,4,3,"0
"
104,5,4,30,true,polychrome,22,red,toma,13,16,green,6/16/2019,15:41,9074,5391,3,1,"0
"
104,6,5,45,false,monochrome,3,blue,dax,10,23,purple,6/16/2019,15:41,9869,4207,3,2,"0
"
104,7,0,45,false,attncheck,3,blue,dax,10,23,purple,6/16/2019,15:41,9869,4207,3,2,"6
"
98,1,3,52,false,polychrome,2,purple,wug,23,22,blue,6/16/2019,16:20,8551,4008,4,1,"0
"
98,2,2,49,true,contrast,11,purple,blicket,10,8,red,6/16/2019,16:20,6946,2754,4,3,"0
"
98,3,4,39,true,polychrome,4,red,toma,12,6,green,6/16/2019,16:21,10146,2951,4,1,"0
"
98,4,6,64,true,monochrome,13,blue,dax,24,20,purple,6/16/2019,16:21,7527,2610,4,2,"0
"
98,5,5,52,false,monochrome,5,green,sprock,21,16,blue,6/16/2019,16:21,7266,2448,3,2,"0
"
98,6,1,92,false,contrast,17,purple,gade,15,7,green,6/16/2019,16:21,7130,4146,3,4,"0
"
98,7,0,92,false,attncheck,17,purple,gade,15,7,green,6/16/2019,16:21,7130,4146,3,4,"8
"
9,1,5,25,false,monochrome,16,purple,wug,4,9,green,6/16/2019,15:24,13080,16254,4,2,"0
"
9,2,6,15,true,monochrome,21,green,dax,3,1,red,6/16/2019,15:25,12265,7514,4,1,"0
"
9,3,1,35,false,contrast,20,blue,gade,18,19,red,6/16/2019,15:25,9076,7397,4,3,"0
"
9,4,2,50,true,contrast,2,purple,sprock,23,13,red,6/16/2019,15:25,8597,7245,4,3,"0
"
9,5,4,30,true,polychrome,22,red,blicket,12,17,blue,6/16/2019,15:25,8172,5342,3,1,"0
"
9,6,3,40,false,polychrome,15,red,toma,10,7,green,6/16/2019,15:26,8670,4318,4,2,"0
"
9,7,0,40,false,attncheck,15,red,toma,10,7,green,6/16/2019,15:26,8670,4318,4,2,"8
"
96,1,2,50,true,contrast,2,red,blicket,13,7,purple,6/16/2019,16:23,12156,11222,4,3,"0
"
96,2,6,50,true,monochrome,21,blue,gade,11,14,purple,6/16/2019,16:24,11962,10058,4,2,"0
"
96,3,3,50,false,polychrome,1,blue,dax,22,16,purple,6/16/2019,16:24,11181,8529,4,2,"0
"
96,4,1,50,false,contrast,4,green,sprock,23,24,blue,6/16/2019,16:24,10805,11718,3,4,"0
"
96,5,5,50,false,monochrome,12,green,wug,8,15,red,6/16/2019,16:25,9940,7276,3,1,"0
"
96,6,4,50,true,polychrome,20,red,toma,18,9,blue,6/16/2019,16:25,8855,4832,4,2,"0
"
96,7,0,50,true,attncheck,20,red,toma,18,9,blue,6/16/2019,16:25,8855,4832,4,2,"7
"
50,1,1,50,false,contrast,22,blue,wug,16,4,red,6/16/2019,15:38,13299,5905,3,4,"0
"
50,2,5,34,false,monochrome,18,blue,dax,6,20,green,6/16/2019,15:38,9895,3540,3,2,"0
"
50,3,2,18,true,contrast,7,purple,toma,5,1,green,6/16/2019,15:38,6864,3774,3,4,"0
"
50,4,6,23,true,monochrome,10,green,gade,14,11,blue,6/16/2019,15:38,8151,4025,3,1,"0
"
50,5,4,23,true,polychrome,8,purple,sprock,15,24,green,6/16/2019,15:39,7160,3390,3,2,"0
"
50,6,3,32,false,polychrome,13,red,blicket,17,9,green,6/16/2019,15:39,9385,2947,4,1,"0
"
50,7,0,32,false,attncheck,13,red,blicket,17,9,green,6/16/2019,15:39,9385,2947,4,1,"7
"
10,1,1,35,false,contrast,7,blue,blicket,13,1,purple,6/16/2019,16:37,14808,6478,3,4,"0
"
10,2,5,50,false,monochrome,14,blue,gade,18,10,red,6/16/2019,16:37,16268,5753,3,2,"0
"
10,3,3,28,false,polychrome,3,purple,toma,19,12,red,6/16/2019,16:38,15086,2419,3,2,"0
"
10,4,2,36,true,contrast,4,red,sprock,2,8,purple,6/16/2019,16:38,9098,3173,3,4,"0
"
10,5,6,39,true,monochrome,23,green,dax,17,24,blue,6/16/2019,16:38,8036,3257,4,1,"0
"
10,6,4,45,true,polychrome,22,purple,wug,9,20,red,6/16/2019,16:39,31709,8090,3,1,"0
"
10,7,0,45,true,attncheck,22,purple,wug,9,20,red,6/16/2019,16:39,31709,8090,3,1,"7
"
55,1,5,65,false,monochrome,17,green,wug,4,22,purple,6/16/2019,16:36,15191,9833,4,1,"0
"
55,2,6,60,true,monochrome,19,red,blicket,13,24,green,6/16/2019,16:36,9196,9606,3,1,"0
"
55,3,2,45,true,contrast,2,purple,toma,21,11,blue,6/16/2019,16:37,8636,6483,4,3,"0
"
55,4,3,55,false,polychrome,16,blue,sprock,10,7,red,6/16/2019,16:37,9422,9625,3,1,"0
"
55,5,4,60,true,polychrome,14,red,gade,23,18,green,6/16/2019,16:37,10395,5749,4,1,"0
"
55,6,1,55,false,contrast,15,purple,dax,20,6,blue,6/16/2019,16:38,10246,5327,4,3,"0
"
55,7,0,55,false,attncheck,15,purple,dax,20,6,blue,6/16/2019,16:38,10246,5327,4,3,"8
"
107,1,4,49,true,polychrome,10,red,wug,23,24,blue,6/16/2019,16:21,27046,11332,4,1,"0
"
107,2,6,50,true,monochrome,11,red,dax,17,19,blue,6/16/2019,16:21,18011,9524,4,2,"0
"
107,3,5,71,false,monochrome,16,green,gade,21,3,purple,6/16/2019,16:22,11691,11957,3,2,"0
"
107,4,1,69,false,contrast,12,red,toma,2,14,blue,6/16/2019,16:22,10741,5136,4,3,"0
"
107,5,2,42,true,contrast,13,red,blicket,8,5,blue,6/16/2019,16:22,10632,4236,3,4,"0
"
107,6,3,74,false,polychrome,6,green,sprock,22,4,blue,6/16/2019,16:22,9523,2748,4,1,"0
"
107,7,0,74,false,attncheck,6,green,sprock,22,4,blue,6/16/2019,16:22,9523,2748,4,1,"6
"
106,1,1,70,false,contrast,16,red,toma,5,17,purple,6/16/2019,16:54,15486,17144,4,3,"0
"
106,2,5,33,false,monochrome,4,blue,blicket,20,12,purple,6/16/2019,16:54,10430,8493,4,1,"0
"
106,3,4,58,true,polychrome,2,green,dax,11,19,red,6/16/2019,16:55,11487,7783,4,1,"0
"
106,4,2,45,true,contrast,22,green,sprock,21,6,red,6/16/2019,16:55,8974,6679,4,3,"0
"
106,5,3,66,false,polychrome,23,purple,wug,10,3,blue,6/16/2019,16:55,9587,5228,4,2,"0
"
106,6,6,21,true,monochrome,24,purple,gade,18,1,green,6/16/2019,16:56,11479,6034,3,1,"0
"
106,7,0,21,true,attncheck,24,purple,gade,18,1,green,6/16/2019,16:56,11479,6034,3,1,"6
"
18,1,6,40,true,monochrome,24,green,toma,7,12,red,6/16/2019,15:24,15028,17597,3,1,"0
"
18,2,2,60,true,contrast,9,green,dax,5,3,red,6/16/2019,15:24,13117,9386,4,3,"0
"
18,3,3,50,false,polychrome,21,blue,sprock,6,15,purple,6/16/2019,15:25,10708,13154,4,2,"0
"
18,4,5,70,false,monochrome,14,red,blicket,10,19,green,6/16/2019,15:25,10755,9680,4,1,"0
"
18,5,4,40,true,polychrome,4,purple,gade,16,22,green,6/16/2019,15:25,11595,7402,3,2,"0
"
18,6,1,75,false,contrast,18,purple,wug,11,1,red,6/16/2019,15:26,11116,8548,4,3,"0
"
18,7,0,75,false,attncheck,18,purple,wug,11,1,red,6/16/2019,15:26,11116,8548,4,3,"8
"
16,1,4,23,true,polychrome,17,purple,blicket,15,23,green,6/16/2019,16:40,11356,8990,3,2,"0
"
16,2,3,69,false,polychrome,5,green,wug,14,2,red,6/16/2019,16:41,9679,5678,3,2,"0
"
16,3,6,26,true,monochrome,18,blue,dax,7,20,green,6/16/2019,16:41,11735,4470,4,2,"0
"
16,4,1,59,false,contrast,11,purple,toma,21,8,red,6/16/2019,16:41,10416,4647,4,3,"0
"
16,5,5,19,false,monochrome,22,blue,gade,19,6,purple,6/16/2019,16:41,7593,4823,4,2,"0
"
16,6,2,19,true,contrast,12,blue,sprock,16,9,red,6/16/2019,16:42,9566,4181,4,3,"0
"
16,7,0,19,true,attncheck,12,blue,sprock,16,9,red,6/16/2019,16:42,9566,4181,4,3,"6
"
97,1,1,0,false,contrast,2,green,dax,21,23,red,6/16/2019,16:24,19114,20549,3,4,"0
"
97,2,3,0,false,polychrome,20,red,toma,7,17,green,6/16/2019,16:24,22149,9131,3,1,"0
"
97,3,6,0,true,monochrome,22,purple,blicket,9,5,red,6/16/2019,16:25,12438,9782,4,1,"0
"
97,4,4,0,true,polychrome,19,green,sprock,4,13,red,6/16/2019,16:25,10050,8812,3,1,"0
"
97,5,2,0,true,contrast,14,red,gade,15,11,blue,6/16/2019,16:25,7156,7933,3,4,"0
"
97,6,5,0,false,monochrome,3,blue,wug,6,12,red,6/16/2019,16:26,66275,4754,4,1,"0
"
97,7,0,0,false,attncheck,3,blue,wug,6,12,red,6/16/2019,16:26,66275,4754,4,1,"5
"
